"id","hotel_id","archivo_id","plataforma","fecha_review","texto_limpio","idioma","cargada_en","sentimiento","confianza"
20202,1,13,booking,2025-10-01,"Todo estuvo bien en general, sin embargo el personal no fue muy atento.",es   ,2026-04-20 19:40:47.798 -0500,neutro,0.977
18586,1,13,booking,2025-10-05,Buenas unstalaciones en generaal. pero la verdad no habia agua caliente en la manana,es   ,2026-04-20 19:40:47.798 -0500,neutro,1.000
17505,1,13,booking,2025-10-07,Sin embargo demasiado ruido externo y el desayyuno no fue lo esperado. Precio justo por lo que oofrece.,es   ,2026-04-20 19:40:47.798 -0500,neutro,0.849
17059,1,13,booking,2026-02-02,Habitacion espaciosa y limpia. Se escuchaba todo del pasillo y el baño tenía problemas.,es   ,2026-04-20 19:40:47.798 -0500,neutro,1.000
22124,1,13,booking,2025-10-16,Cumple con lo que promete. aunque igual los muebles estabaN algo deteriorados.,es   ,2026-04-20 19:40:47.798 -0500,neutro,0.566
21353,1,13,booking,2025-10-29,Aunque el baño tenia problemas. La recepcion fue muy cordial.,es   ,2026-04-20 19:40:47.798 -0500,neutro,0.933
19649,1,13,booking,2025-12-12,El parqueadero fue util. pero se escuchaba todo del pasillo y en recepción se demoraron demasiado.,es   ,2026-04-20 19:40:47.798 -0500,neutro,1.000
22293,1,13,booking,2026-04-07,Todo estuvo bien en general. eso si los muebles estaban algo deteriorados.,es   ,2026-04-20 19:40:47.798 -0500,neutro,0.999
19253,1,13,booking,2025-10-31,"Habitacion espaciosa y limpia, eso si el precio era algo elevado para lo que ofrece.",es   ,2026-04-20 19:40:47.798 -0500,neutro,0.941
21796,1,13,booking,2025-12-02,La habitacion estaba limpia. pero la verdad no pudr dormir bien por el rUido.,es   ,2026-04-20 19:40:47.798 -0500,neutro,0.995
21650,1,13,booking,2026-01-23,"El personal fue amable, aunque igual poca variedad en el desayuno.",es   ,2026-04-20 19:40:47.798 -0500,neutro,0.975
22277,1,13,booking,2025-11-08,La recepcion fue muy cordial. la verdad poca variedad en el desayuno.,es   ,2026-04-20 19:40:47.798 -0500,neutro,1.000
19227,1,13,booking,2026-02-18,Buen servicio de habitaciones. igual la cama no era muy comoda.,es   ,2026-04-20 19:40:47.798 -0500,neutro,1.000
21328,1,13,booking,2026-01-20,Aunque el colchon estaba algo viejo. Buena relacion calidad precio.,es   ,2026-04-20 19:40:47.798 -0500,neutro,0.950
20687,1,13,booking,2026-01-28,Aunque igual demasiado ruido externo y el desayuno no fue lo esperado. La habitacion estaba liMpia,es   ,2026-04-20 19:40:47.798 -0500,neutro,1.000
18094,1,13,booking,2026-03-14,Excelente ubicación cerca a todo. aunque igual hsbia olor raro en la habitacion.,es   ,2026-04-20 19:40:47.798 -0500,neutro,0.998
18727,1,13,booking,2026-01-09,Pero se escuchaba todo del pasillo y el baño tenía problemas. Todo estuvo bien en general.,es   ,2026-04-20 19:40:47.798 -0500,neutro,1.000
19262,1,13,booking,2025-11-02,"El personal fue amable, pero en recepcion se demorarron demasiado.",es   ,2026-04-20 19:40:47.798 -0500,neutro,1.000
18715,1,13,booking,2025-10-11,Excelente ubicacion cerca a todo. Poca variedad en el desayuno.,es   ,2026-04-20 19:40:47.798 -0500,neutro,1.000
18070,1,13,booking,2025-12-16,"Muy bonitas las areas comunes, pero la verdad se escuchaba todo del pasillo y el baño tenía problemas.",es   ,2026-04-20 19:40:47.798 -0500,neutro,0.835
21616,1,13,booking,2025-10-06,Buenas instalaciones en general. Demorado el servicio de habitaciones.,es   ,2026-04-20 19:40:47.798 -0500,neutro,0.994
20828,1,13,booking,2026-02-15,Pero la cama no era muy comoda. Las toallas y ropa de cama limpias.,es   ,2026-04-20 19:40:47.798 -0500,neutro,0.998
19062,1,13,booking,2026-02-26,Igual el servicio fue algo demorado. La atencion fue excelente.,es   ,2026-04-20 19:40:47.798 -0500,neutro,1.000
17447,1,13,booking,2026-02-16,"Elcheck in fue rapido, sin embargo se escuchaba todo del pasillo.",es   ,2026-04-20 19:40:47.798 -0500,neutro,1.000
19021,1,13,booking,2026-02-15,Precio justo por lo que ofrece. igual se escuchaba todo del pasillo y en recepción se demoraron demasiado.,es   ,2026-04-20 19:40:47.798 -0500,neutro,0.997
19671,1,13,booking,2026-03-26,El check in fue rapido. No habia aguacaliente en la mañana.,es   ,2026-04-20 19:40:47.798 -0500,neutro,1.000
21043,1,13,booking,2026-01-13,La verdad el wifi era muy lento. Todo estuvo bien en general.,es   ,2026-04-20 19:40:47.798 -0500,neutro,0.937
21143,1,13,booking,2025-11-18,"La atencion fue excelente, pero la verdad la limpieza podria mejorar.",es   ,2026-04-20 19:40:47.798 -0500,neutro,0.999
17475,1,13,booking,2026-01-20,Burna relación calidad precio. Falta mantenimiento en algunas areas.,es   ,2026-04-20 19:40:47.798 -0500,neutro,0.580
17076,1,13,booking,2025-12-14,"Buena ubicacion para moverse por la ciudad, igual el baño tenia problemas.",es   ,2026-04-20 19:40:47.798 -0500,neutro,0.998
21550,1,13,booking,2025-11-23,El colchon era comodisimo. Habia mucho ruifo en la noche.,es   ,2026-04-20 19:40:47.798 -0500,neutro,0.975
21769,1,13,booking,2026-03-26,Ambiente tranquilo y agradable. sin embargo el aire acondicionado hacia ruido.,es   ,2026-04-20 19:40:47.798 -0500,neutro,0.989
19183,1,13,booking,2025-11-30,"Burn servucio de habitaciones, sin embargo habia olor raro en la habitacion.",es   ,2026-04-20 19:40:47.798 -0500,neutro,0.999
18851,1,13,booking,2025-12-06,Me gusto el servicio. la verdad la cama no era muy commoda.,es   ,2026-04-20 19:40:47.798 -0500,neutro,0.992
21268,1,13,booking,2025-12-09,Todo estuvo bienen general. No pude dormir bien por el ruido y la comida se demoró bastante.,es   ,2026-04-20 19:40:47.798 -0500,neutro,1.000
22150,1,13,booking,2026-03-26,Aunque igual las instalaciones estan algo viejas. Habitacion espaciosa y limpia.,es   ,2026-04-20 19:40:47.798 -0500,neutro,0.792
21225,1,13,booking,2026-02-16,"El parqueaderro fue util, aunque igual se escuchaba tOdo del pasillo y en recepción se demoraron demasiado.",es   ,2026-04-20 19:40:47.798 -0500,neutro,1.000
17910,1,13,booking,2025-10-17,La habitacion estaba limpia. La comida llego fria.,es   ,2026-04-20 19:40:47.798 -0500,neutro,0.982
21087,1,13,booking,2026-02-10,El wifi funcionaba bien. Poca variedad en el desayuno.,es   ,2026-04-20 19:40:47.798 -0500,neutro,0.986
19524,1,13,booking,2025-10-11,"Muy buen hotel en general, aunque las instalacionesestan algo viejas.",es   ,2026-04-20 19:40:47.798 -0500,neutro,0.877
17821,1,13,booking,2025-11-07,El cuarto era amplio. Poca variedad en el desayuno.,es   ,2026-04-20 19:40:47.798 -0500,neutro,0.992
20705,1,13,booking,2026-04-17,"Limpieza impecable, sin embargo el servicio fue algo demoradoo.",es   ,2026-04-20 19:40:47.798 -0500,neutro,0.985
17152,1,13,booking,2025-12-08,La ubicación es muy buena. El desayuno no fue lo esperado.,es   ,2026-04-20 19:40:47.798 -0500,neutro,0.997
21092,1,13,booking,2026-03-23,Pues Se escuchaba todo del pasillo y el peecio era algo elevado para lo que ofrece.,es   ,2026-04-20 19:40:47.798 -0500,neutro,0.787
17908,1,13,booking,2026-03-05,El personal super amable y atento. igual se escuchaba todo del pasillo y en recepción se demoraron demasiado.,es   ,2026-04-20 19:40:47.798 -0500,neutro,0.997
21148,1,13,booking,2026-03-18,Sin embargo no habia agua caliente en la manana. Me paarecio un hotel muy completo.,es   ,2026-04-20 19:40:47.798 -0500,neutro,0.999
18519,1,13,booking,2026-03-05,Limpieza impecable. igual la tv no funcionaba bien.,es   ,2026-04-20 19:40:47.798 -0500,neutro,0.998
18376,1,13,booking,2026-04-18,Muy bien ubicado cerca al centro. El bano estaba algo descuidado.,es   ,2026-04-20 19:40:47.798 -0500,neutro,0.983
20474,1,13,booking,2026-04-17,Excelente ubicación cerca a todo. aunque igual la tv no funcionaba bien.,es   ,2026-04-20 19:40:47.798 -0500,neutro,0.584
17996,1,13,booking,2026-04-07,Me gustó el servicio. eso si la cama no era muy comoda.,es   ,2026-04-20 19:40:47.798 -0500,neutro,1.000
18117,1,13,booking,2026-01-07,Aunque igual la comida se demoro bastante. Muy buen hotel en general.,es   ,2026-04-20 19:40:47.798 -0500,neutro,1.000
21926,1,13,booking,2025-10-13,Excelente ubicación cerca a todo. pero la verdad la comida se demoro bastante.,es   ,2026-04-20 19:40:47.798 -0500,neutro,0.998
19477,1,13,booking,2026-01-02,El parqueadero fue util. sin embargo se escuchaba todo del pasillo y en recepción se demoraronn demasiadoo.,es   ,2026-04-20 19:40:47.798 -0500,neutro,1.000
18167,1,13,booking,2025-12-25,El wifi funcionaba bien. sin embargo nohabia agua caliente en la mañana.,es   ,2026-04-20 19:40:47.798 -0500,neutro,0.973
21959,1,13,booking,2026-02-18,Buensrelacion calidad precio. aunque igual habia humedadd en el cuarto.,es   ,2026-04-20 19:40:47.798 -0500,neutro,0.754
19093,1,13,booking,2025-12-08,Limpieza impecable. Se escuchaba todo delpasillo y el baño tenía problemas.,es   ,2026-04-20 19:40:47.798 -0500,neutro,0.998
18141,1,13,booking,2026-03-16,Pero el baño estaba algo descuidado. Todo estuvo bien en general.,es   ,2026-04-20 19:40:47.798 -0500,neutro,0.854
21145,1,13,booking,2026-01-31,"El desayuno estuvo muy rico, pero la atencion pudo ser mejor.",es   ,2026-04-20 19:40:47.798 -0500,neutro,0.823
20390,1,13,booking,2025-11-21,"El personal fue amable, eso si el precio era algo elevado para lo que ofrece.",es   ,2026-04-20 19:40:47.798 -0500,neutro,0.950
19251,1,13,booking,2026-01-15,La ubicación es muy buena. aunque falta mantenimiento en algunas areas.,es   ,2026-04-20 19:40:47.798 -0500,neutro,0.639
18785,1,13,booking,2025-12-06,Pero no pude dormir bien por el ruido y ls comida se demoró bastante. Limpieza impecable.,es   ,2026-04-20 19:40:47.798 -0500,neutro,0.997
17897,1,13,booking,2025-10-16,Igual el precio era algo elevado para lo que ofrece. El wifi funcionaba bien.,es   ,2026-04-20 19:40:47.798 -0500,neutro,0.756
22169,1,13,booking,2025-12-28,"La habitacion estaba limpia, eso si en recepcion se demoraron demasiado",es   ,2026-04-20 19:40:47.798 -0500,neutro,1.000
17884,1,13,booking,2026-04-17,Aunque igual la cama no era muy comoda. La habitacion estaba limpia.,es   ,2026-04-20 19:40:47.798 -0500,neutro,1.000
21343,1,13,booking,2026-03-28,Pero la verdad problemas con el agua caliente. El personal hizo todo lo posible por ayudar.,es   ,2026-04-20 19:40:47.798 -0500,neutro,0.878
20996,1,13,booking,2025-11-18,El personal fue amable. eso si demorado el servicio de habitaciones.,es   ,2026-04-20 19:40:47.798 -0500,neutro,1.000
18036,1,13,booking,2026-01-16,Las camas eran cómodas. El personal no fue muy atento.,es   ,2026-04-20 19:40:47.798 -0500,neutro,0.984
21547,1,13,booking,2025-10-21,Elparqueadero fue util. Falta mantenimiento en algunas areas.,es   ,2026-04-20 19:40:47.798 -0500,neutro,1.000
17718,1,13,booking,2025-12-16,Todo estuvo bien en general. aunque no pude dormir bien por el ruido y la comida se demoró bastante.,es   ,2026-04-20 19:40:47.798 -0500,neutro,0.994
20179,1,13,booking,2026-04-02,La verdad Había muchp ruido rn la noche y la atención pudo ser mejor.,es   ,2026-04-20 19:40:47.798 -0500,neutro,0.823
19413,1,13,booking,2025-10-08,Cumple con lo que promete. El colchon estaba algo viejo y poca variedad en el desayuno.,es   ,2026-04-20 19:40:47.798 -0500,neutro,0.901
21533,1,13,booking,2026-01-22,"Todo estuvo bien en general, pero la verdad habia humedad en eel cuarto.",es   ,2026-04-20 19:40:47.798 -0500,neutro,0.954
18924,1,13,booking,2026-01-19,Las toallas y ropa de cama limpias. sin embargo habia mucho ruido en la noche,es   ,2026-04-20 19:40:47.798 -0500,neutro,0.998
18729,1,13,booking,2025-12-26,La recepcionn fue muy cordial. El baño tenia peoblemas y los muebles estaban algo deterioraddos.,es   ,2026-04-20 19:40:47.798 -0500,neutro,1.000
20764,1,13,booking,2026-02-22,Muy buena vista desde la habbitacion. la verdad el aire acondicionado hacia ruido.,es   ,2026-04-20 19:40:47.798 -0500,neutro,0.954
17570,1,13,booking,2026-03-06,Buenas instakaciones en general. pero la verdad el parqueadero era muy pequeño.,es   ,2026-04-20 19:40:47.798 -0500,neutro,0.455
20387,1,13,booking,2025-12-20,La habitación rstaba limpia. No pude dormir biEn por el ruido.,es   ,2026-04-20 19:40:47.798 -0500,neutro,1.000
19569,1,13,booking,2025-12-07,"Me gusto el servicio, eso si poca variedad en el desayuno.",es   ,2026-04-20 19:40:47.798 -0500,neutro,1.000
20464,1,13,booking,2026-02-05,Buena ubicacion para moverse por la ciudad. la verdad no pude dormir bien por el ruido.,es   ,2026-04-20 19:40:47.798 -0500,neutro,1.000
19931,1,13,booking,2026-02-09,Rxcelente ubicacion cerca a todo. la verdad el baño tenia problemas.,es   ,2026-04-20 19:40:47.798 -0500,neutro,1.000
21373,1,13,booking,2026-02-16,Muy bomitas las areas comunes. aunque falta mantenimiento en algunas areas.,es   ,2026-04-20 19:40:47.798 -0500,neutro,0.982
17406,1,13,booking,2025-10-07,Las camas eran cómodas. No pude dormir bien por el ruidoo.,es   ,2026-04-20 19:40:47.798 -0500,neutro,0.934
19531,1,13,booking,2026-02-11,Muy bonitas las areas comunes. Falta mantrnimiento en algunas areas.,es   ,2026-04-20 19:40:47.798 -0500,neutro,0.567
20978,1,13,booking,2026-03-11,El colchon era comodisimo. La comida se demoro bastante.,es   ,2026-04-20 19:40:47.798 -0500,neutro,1.000
17377,1,13,booking,2026-04-06,El personal hizo todo lo posible por ayudar. igual el bano tenia problemas,es   ,2026-04-20 19:40:47.798 -0500,neutro,1.000
17622,1,13,booking,2025-12-28,"Muy bonitas las areas comunes, eso si se escuchaba todo del pasillo y el baño tenía problemas.",es   ,2026-04-20 19:40:47.798 -0500,neutro,1.000
22317,1,13,booking,2025-12-28,"Me gusto el servicio, pero el cuarto era muy pequeño.",es   ,2026-04-20 19:40:47.798 -0500,neutro,0.668
19143,1,13,booking,2026-02-23,La atencion fue excelente. pero el precio era algo elevado para lo que oofrece.,es   ,2026-04-20 19:40:47.798 -0500,neutro,1.000
17488,1,13,booking,2026-01-26,"El parqueadero fue util, la verdad no habia agua caliente en la mañana.",es   ,2026-04-20 19:40:47.798 -0500,neutro,1.000
17486,1,13,booking,2026-04-11,Muy bien ubicado cerca al centro. Habia olor raro en la habitacion.,es   ,2026-04-20 19:40:47.798 -0500,neutro,1.000
19824,1,13,booking,2026-04-10,La ubicacion esmuy bueena. El precio era algo elevado para lo que ofrece.,es   ,2026-04-20 19:40:47.798 -0500,neutro,0.996
18216,1,13,booking,2026-03-30,"La recepcion fue muy cordial, igual la puerta no cerraba bien.",es   ,2026-04-20 19:40:47.798 -0500,neutro,1.000
21555,1,13,booking,2026-01-10,Sin embargo el bañoestaba algo descuidado. Habitacion espaciosa y limpia,es   ,2026-04-20 19:40:47.798 -0500,neutro,1.000
18232,1,13,booking,2026-01-21,Buenas instalaciones en general. El desayuno no fue lo esperado.,es   ,2026-04-20 19:40:47.798 -0500,neutro,0.999
19877,1,13,booking,2026-01-17,Muy bien ubicado cerca al centro. la verdad los muebles estaban algo deteriorados.,es   ,2026-04-20 19:40:47.798 -0500,neutro,0.999
21218,1,13,booking,2026-01-17,La ubicacion es muy buena. aunque habia olor raro en la habitacion.,es   ,2026-04-20 19:40:47.798 -0500,neutro,0.775
17242,1,13,booking,2025-12-06,Elpersonal fue muy amable. pero la verdad falta mantenimiento en alguunas areas.,es   ,2026-04-20 19:40:47.798 -0500,neutro,1.000
17587,1,13,booking,2026-02-07,La ubicacion es muy buuena. Se escuchaba todo del pasillo y en recepción se demoraron demasiado.,es   ,2026-04-20 19:40:47.798 -0500,neutro,1.000
21697,1,13,booking,2026-01-15,"La habitación estaba limpia, aunque el colchon estaba algo viejo.",es   ,2026-04-20 19:40:47.798 -0500,neutro,0.775
19106,1,13,booking,2026-01-12,"La habitacionestaba limpia, la verdad habia mucho ruido en la noche.",es   ,2026-04-20 19:40:47.798 -0500,neutro,1.000
21972,1,13,booking,2026-02-12,"Buena relacion calidad precio, eso sí habia olor raro en la habitacion.",es   ,2026-04-20 19:40:47.798 -0500,neutro,1.000
20918,1,13,booking,2026-04-09,"Precuo justo por lo que ofrece, aunque el baño teniaproblemAs.",es   ,2026-04-20 19:40:47.798 -0500,neutro,0.998
17660,1,13,booking,2026-04-03,El personal hizo todo lo posible por ayudar. El precio era algo elevado para lo que ofrece.,es   ,2026-04-20 19:40:47.798 -0500,neutro,0.727
20900,1,13,booking,2025-12-09,"La recepcion fue muy cordial, sin embargo habia humedad en el cuaarto.",es   ,2026-04-20 19:40:47.798 -0500,neutro,1.000
21299,1,13,booking,2025-12-01,Pero la verdad rl ascensor tardaba mucho. La atencion fueexcelente.,es   ,2026-04-20 19:40:47.798 -0500,neutro,1.000
17649,1,13,booking,2026-04-13,Muy bien ubicado cerca al centro. la verdadel bano tenia problemas.,es   ,2026-04-20 19:40:47.798 -0500,neutro,1.000
19720,1,13,booking,2026-03-10,"La piscina estaba muy bien, aunque la comida llego fria.",es   ,2026-04-20 19:40:47.798 -0500,neutro,0.963
17601,1,13,booking,2025-12-17,"Laubicacion esmuy buena, igual demasiado ruido externo.",es   ,2026-04-20 19:40:47.798 -0500,neutro,0.982
17083,1,13,booking,2026-01-27,Buenas instalaciones en geneeal. Se escuchaba todo delpasillo y en eecepción se demoraron demasiado.,es   ,2026-04-20 19:40:47.798 -0500,neutro,0.996
20317,1,13,booking,2025-11-17,"El personal fue amable, pero se escuchaba todo del pasillo y en recepción se demoraron demasiado.",es   ,2026-04-20 19:40:47.798 -0500,neutro,1.000
19008,1,13,booking,2025-10-06,Las toallas y ropa de cama limpias. la verdad el precio era algo elevado para lo que ofrece.,es   ,2026-04-20 19:40:47.798 -0500,neutro,0.977
19834,1,13,booking,2026-02-14,"Muy buen hotel en general, igual el baño teNia problemas.",es   ,2026-04-20 19:40:47.798 -0500,neutro,0.999
17378,1,13,booking,2026-03-25,Precio justo por lo que ofrece. El wifi era muy lento.,es   ,2026-04-20 19:40:47.798 -0500,neutro,0.721
20757,1,13,booking,2026-02-05,Buen servicio de habitaciones. la verdad problemas con el agua caliente.,es   ,2026-04-20 19:40:47.798 -0500,neutro,1.000
17967,1,13,booking,2026-04-01,Eso si la comida se demoro bastante. El cuarto era amplio.,es   ,2026-04-20 19:40:47.798 -0500,neutro,1.000
22392,1,13,booking,2026-02-20,El wifi funcionaba bien. la verdad los muebles estaban algo deteriorados.,es   ,2026-04-20 19:40:47.798 -0500,neutro,0.907
22334,1,13,booking,2026-01-09,Muy buen hotel en general. la verdad el precioera algo elevado para lo que ofrece.,es   ,2026-04-20 19:40:47.798 -0500,neutro,0.932
21397,1,13,booking,2026-04-18,"Limpieza impecable, la verdad poca variedad en el desayuno.",es   ,2026-04-20 19:40:47.798 -0500,neutro,1.000
21178,1,13,booking,2025-12-29,Buena ubicacion para moverse por la ciudad. pero el baño tenia problemas.,es   ,2026-04-20 19:40:47.798 -0500,neutro,0.998
20959,1,13,booking,2026-04-05,El personal fue amable. En recepcion se demoraron demasiado.,es   ,2026-04-20 19:40:47.798 -0500,neutro,0.997
20034,1,13,booking,2026-02-07,Sin embargo habia olor raro en la habitacion. La ubicacion es muy buena.,es   ,2026-04-20 19:40:47.798 -0500,neutro,0.859
21922,1,13,booking,2025-10-07,El check in fue rapido. Demasiado ruido externo.,es   ,2026-04-20 19:40:47.798 -0500,neutro,0.983
18335,1,13,booking,2025-10-19,Excelente ubicación cerca a todo. No pude dormir bien por el ruido y la comida se demoró bastante.,es   ,2026-04-20 19:40:47.798 -0500,neutro,0.997
22198,1,13,booking,2026-03-27,El personal hizo todo lo posible por ayudar. pero la verdad el parqueadeRo era muy pequeño,es   ,2026-04-20 19:40:47.798 -0500,neutro,0.982
18769,1,13,booking,2026-03-29,"El personal hizo todo lo posible por ayudar, sin embargo el desayuno no fue lo espeeado.",es   ,2026-04-20 19:40:47.798 -0500,neutro,0.642
20849,1,13,booking,2026-01-23,"Muy buena vista desde la habitacion, la verdad poca variedad en el desayuno.",es   ,2026-04-20 19:40:47.798 -0500,neutro,1.000
17533,1,13,booking,2026-01-20,"El parqueadero fue util, sin embargo habia mucho ruido en la noche.",es   ,2026-04-20 19:40:47.798 -0500,neutro,1.000
18485,1,13,booking,2026-04-18,El personal hizo todo lo posible por ayudar. En recepcion se demoraron demasiado.,es   ,2026-04-20 19:40:47.798 -0500,neutro,0.997
17387,1,13,booking,2025-10-20,"Las toallas y ropa de cama limpias,pero la verdad habia olor raro en la habitacion.",es   ,2026-04-20 19:40:47.798 -0500,neutro,0.999
18147,1,13,booking,2026-04-02,Pues La atrncipn pudo ser mejor y en recepcion se demoraron demasiado.,es   ,2026-04-20 19:40:47.798 -0500,neutro,0.584
19944,1,13,booking,2025-11-16,Muy buena vista desde la habitacion. La puerta no cerraba bien.,es   ,2026-04-20 19:40:47.798 -0500,neutro,1.000
17459,1,13,booking,2025-11-28,Sin embargo el colchon estaba algo viejoo. El personal super amable y atento.,es   ,2026-04-20 19:40:47.798 -0500,neutro,0.841
21485,1,13,booking,2025-12-23,Muy bien ubicado cerca al centro. Demasiado ruido externo y el desayuno no fue lo esperado.,es   ,2026-04-20 19:40:47.798 -0500,neutro,1.000
21383,1,13,booking,2025-12-10,"Precio justo por lo que ofrece, eso sí el wifi era muy lento.",es   ,2026-04-20 19:40:47.798 -0500,neutro,0.800
21005,1,13,booking,2025-11-01,"Las toallas y ropa de cama limpias, pero la verdad el baño estaba algo descuidado.",es   ,2026-04-20 19:40:47.798 -0500,neutro,0.651
19383,1,13,booking,2026-03-06,"Me gustó el servicio, pero la verdad el precio era algo elevado para loque ofrece.",es   ,2026-04-20 19:40:47.798 -0500,neutro,0.971
22366,1,13,booking,2025-11-17,Muy bonitas las areas comunes. Poca variedad en el desayuno.,es   ,2026-04-20 19:40:47.798 -0500,neutro,1.000
18992,1,13,booking,2026-03-08,El restsurante del hotell estuvo rico. sin embargo la tv no funcionaba bien.,es   ,2026-04-20 19:40:47.798 -0500,neutro,0.963
19575,1,13,booking,2025-11-19,Buena relacion calidad precio. El servicio fue algo demorado.,es   ,2026-04-20 19:40:47.798 -0500,neutro,0.999
18754,1,13,booking,2026-01-05,Igual rl colcchon estaba algo viejo. El personal hizo todo lo posible poor ayudar.,es   ,2026-04-20 19:40:47.798 -0500,neutro,0.770
17340,1,13,booking,2026-01-15,"La ubicacion es muy buena, sin embargo en recepcion se demoraron demasiado.",es   ,2026-04-20 19:40:47.798 -0500,neutro,0.999
22333,1,13,booking,2026-04-05,"La recepcion fue muy cordial, pero la comida llego fria",es   ,2026-04-20 19:40:47.798 -0500,neutro,0.991
20440,1,13,booking,2026-03-05,El cplchon era comodisimo. Se escuchaba todo del pasillo y el baño tenía peoblemas.,es   ,2026-04-20 19:40:47.798 -0500,neutro,0.998
18477,1,13,booking,2025-11-06,"La recepcion fue muy cordial, igual no pude dormir bien por ell ruido.",es   ,2026-04-20 19:40:47.798 -0500,neutro,1.000
17205,1,13,booking,2026-03-04,Excelente ubicación cerca a todo. lla verdad demasiado ruido externo,es   ,2026-04-20 19:40:47.798 -0500,neutro,0.996
19087,1,13,booking,2026-03-27,Precio justo por lo que ofrece. la verdad las instalaciones estan aLgo viejas.,es   ,2026-04-20 19:40:47.798 -0500,neutro,1.000
21829,1,13,booking,2025-11-02,Eso si demorado el servicio de habitacionees. Megusto el servicio.,es   ,2026-04-20 19:40:47.798 -0500,neutro,0.999
22425,1,13,booking,2025-10-28,Sin embargo el baño estaba algo descuidado. El personal super amable y atento.,es   ,2026-04-20 19:40:47.798 -0500,neutro,0.609
21370,1,13,booking,2025-12-05,El colchon era comodisimo. eso sí la comida se demoro bastante.,es   ,2026-04-20 19:40:47.798 -0500,neutro,1.000
18240,1,13,booking,2026-02-10,Todo estuvo bien en general. No pudedormir bien por el ruido y la comida se demoró bastante.,es   ,2026-04-20 19:40:47.798 -0500,neutro,1.000
17920,1,13,booking,2026-03-05,El restaurante del hotel estuvo rico. pero la verdad demasiado ruido externo.,es   ,2026-04-20 19:40:47.798 -0500,neutro,1.000
21754,1,13,booking,2025-10-28,La ubicacion es muy buena. aunque el cOlchon estaba algo viejo.,es   ,2026-04-20 19:40:47.798 -0500,neutro,0.599
17936,1,13,booking,2026-03-11,"Las camas eran comodaas, la verdad la comida llego fria.",pt   ,2026-04-20 19:40:47.798 -0500,neutro,0.999
21700,1,13,booking,2025-10-04,"Rl check in fue rapido, aunque igual lss instalaciones estan algoviejas.",es   ,2026-04-20 19:40:47.798 -0500,neutro,1.000
17425,1,13,booking,2025-10-15,Buena ubicacion para moverse por la ciudad. igual falta mantenimiento en algunas areas.,es   ,2026-04-20 19:40:47.798 -0500,neutro,0.943
20533,1,13,booking,2026-03-06,"La habitacion estaba limpia, peeo habia mucho ruido enla noche.",es   ,2026-04-20 19:40:47.798 -0500,neutro,0.992
18822,1,13,booking,2025-12-14,"El personal fue amable, eso si habia mucho ruido en la noche.",es   ,2026-04-20 19:40:47.798 -0500,neutro,0.999
17829,1,13,booking,2026-04-04,Muy bien ubicado cerca al centro. eso sí la cama no era muy comoda.,es   ,2026-04-20 19:40:47.798 -0500,neutro,0.980
18834,1,13,booking,2025-12-29,El prrsonal fue muy amable. La puerta no cerraba bien.,es   ,2026-04-20 19:40:47.798 -0500,neutro,0.998
21333,1,13,booking,2026-03-29,La ubicacion es muy buena. la verdad en recepcion se demoraron demasiado.,es   ,2026-04-20 19:40:47.798 -0500,neutro,1.000
18103,1,13,booking,2026-01-10,La habitación estaba limpia. aunque la comida llego friia.,es   ,2026-04-20 19:40:47.798 -0500,neutro,0.845
18664,1,13,booking,2025-11-08,Aunque igualdemasiado ruido externo y el desayuno no fue lo esperado. Excelente ubicacioncerca a todo.,es   ,2026-04-20 19:40:47.798 -0500,neutro,1.000
20934,1,13,booking,2026-02-18,"La ubicación es muy buena, eso sí el desayuno no fue lo esperado.",es   ,2026-04-20 19:40:47.798 -0500,neutro,1.000
20771,1,13,booking,2026-03-13,El restaurante del hotel estuvo rico. aunque la limpieza podria mejorar.,es   ,2026-04-20 19:40:47.798 -0500,neutro,0.990
21997,1,13,booking,2026-03-26,El personal super amable y atento. sin embargo las instalaciones estan algo viejas.,es   ,2026-04-20 19:40:47.798 -0500,neutro,1.000
19783,1,13,booking,2026-04-07,Limpieza impecable. aunque igual la tv no funcionaba bienn,es   ,2026-04-20 19:40:47.798 -0500,neutro,0.967
18505,1,13,booking,2025-12-07,La piscina estaba muy bien. El desayuno no fue lo esperado.,es   ,2026-04-20 19:40:47.798 -0500,neutro,0.659
22067,1,13,booking,2026-03-30,Pero el baño tenia problemas. El parqueadero fue util.,es   ,2026-04-20 19:40:47.798 -0500,neutro,0.997
21286,1,13,booking,2025-11-25,El desayuno estuvo muy rico. La comida se demoro bastante.,es   ,2026-04-20 19:40:47.798 -0500,neutro,0.960
20772,1,13,booking,2025-11-26,"El psrqueaadero fue util, sin embargo el parqueadero era muy pequeño",es   ,2026-04-20 19:40:47.798 -0500,neutro,1.000
21571,1,13,booking,2026-02-27,"Buena relacion calidad precio, igual las instalaciones estan algo viiejas",es   ,2026-04-20 19:40:47.798 -0500,neutro,0.706
20411,1,13,booking,2026-02-04,Buen servicio de habitaciones. El baño tenia problemas.,es   ,2026-04-20 19:40:47.798 -0500,neutro,0.999
20169,1,13,booking,2025-12-17,Buen servicio de habitaciones. No pude dormir bien ppor el ruido.,es   ,2026-04-20 19:40:47.798 -0500,neutro,0.997
18259,1,13,booking,2025-11-29,Pero la verdad rl colchon estaba algo viejo. Buenas instalaciones en general.,es   ,2026-04-20 19:40:47.798 -0500,neutro,1.000
19840,1,13,booking,2026-03-08,La verdad el servicio fue algo demorado. Me gusto el servicio.,es   ,2026-04-20 19:40:47.798 -0500,neutro,0.999
22338,1,13,booking,2025-12-14,Todo estuvo bien en general. Demorado el servicio de habitaciones.,es   ,2026-04-20 19:40:47.798 -0500,neutro,0.985
17797,1,13,booking,2026-03-16,Excelente ubicacion cerca a tofo. El serVicio fue algo demorado.,es   ,2026-04-20 19:40:47.798 -0500,neutro,0.998
18200,1,13,booking,2025-12-17,Me parecio un hotel muy completo. pero la verdad la puerta no cerraba bien.,es   ,2026-04-20 19:40:47.798 -0500,neutro,0.998
20139,1,13,booking,2026-03-29,Buena relación calidad precio. eso sí demasiado ruido externo y el desayuno no fue lo esperado.,es   ,2026-04-20 19:40:47.798 -0500,neutro,1.000
19912,1,13,booking,2026-03-05,Eso sí la cama no era muy comoda y el colchon estaba algo viejo. Buena relación calidad precio.,es   ,2026-04-20 19:40:47.798 -0500,neutro,1.000
19622,1,13,booking,2025-12-22,"El personal hizo todo lo posible por ayudar, pero la verdad se escuchabatodo del pasillo.",es   ,2026-04-20 19:40:47.798 -0500,neutro,0.845
20272,1,13,booking,2025-10-12,Igual poca variedad en el desayuno. Buenas instalaciones en generaal.,es   ,2026-04-20 19:40:47.798 -0500,neutro,1.000
20332,1,13,booking,2026-04-03,"El wifi funcionaba bien, eso si en recepcion se demoraron demasiado.",es   ,2026-04-20 19:40:47.798 -0500,neutro,1.000
21513,1,13,booking,2026-03-22,"Buena experiencia en general lo recomiendo, la verdad se escuchaba todo del pasillo y la cama no era muy comoda.",es   ,2026-04-20 19:40:47.798 -0500,neutro,1.000
21593,1,13,booking,2026-02-15,Precio justto por lo que ofrece. No habia agua caliente en la mañana.,es   ,2026-04-20 19:40:47.798 -0500,neutro,0.991
20808,1,13,booking,2026-04-03,"Buenas instalaciones en general, pero la verdad drmasiado ruido externo.",es   ,2026-04-20 19:40:47.798 -0500,neutro,0.985
18328,1,13,booking,2026-02-28,Precio justo por lo que ofrece. pero el personal no fue muy atento.,es   ,2026-04-20 19:40:47.798 -0500,neutro,0.967
22031,1,13,booking,2025-10-25,Buena experiencia en general lo recomiendo. pero la tv no funcionaba bien.,es   ,2026-04-20 19:40:47.798 -0500,neutro,0.990
21342,1,13,booking,2026-03-09,"La recepcion fue muy cordial, esosi no pude dormir bien por el ruido.",es   ,2026-04-20 19:40:47.798 -0500,neutro,1.000
20329,1,13,booking,2025-10-21,El personal hizo todo lo posible por ayudar. igual la cama no rra muy comoda.,es   ,2026-04-20 19:40:47.798 -0500,neutro,1.000
21602,1,13,booking,2025-10-25,"Buena eelacion calidad precio, eso si la tv no fuuncionaba bien.",es   ,2026-04-20 19:40:47.798 -0500,neutro,0.669
19350,1,13,booking,2025-10-01,La piscina estaba muy bien. pero la verdad demorado el servicio de habitaciones y la comida llego fria.,es   ,2026-04-20 19:40:47.798 -0500,neutro,0.895
19297,1,13,booking,2026-03-17,Aunque igual la comida se demoro bastante. Excelente ubicación cercaa todo,es   ,2026-04-20 19:40:47.798 -0500,neutro,0.881
18210,1,13,booking,2026-01-25,"El personal hizo todo lo posible por ayudar, pero la verdad poca variiedad en el desayuno.",es   ,2026-04-20 19:40:47.798 -0500,neutro,0.792
18439,1,13,booking,2026-04-14,Pero el desayuno no fue lo esperado. La recepcion fue muy cordial.,es   ,2026-04-20 19:40:47.798 -0500,neutro,1.000
20365,1,13,booking,2026-03-26,La piscina estaba muy bien. El baño tenia problemas.,es   ,2026-04-20 19:40:47.798 -0500,neutro,0.982
19695,1,13,booking,2026-02-06,"Excelente ubicación cerca a todo, sin embargo se escuchaba todo del pasillo y el baño tenía problemas.",es   ,2026-04-20 19:40:47.798 -0500,neutro,1.000
18353,1,13,booking,2026-01-13,Buena relacion calidad precio. eso si el aire acondicionado hacia ruido.,es   ,2026-04-20 19:40:47.798 -0500,neutro,0.999
20385,1,13,booking,2025-12-14,"Todo estuvo bien en general, la verdad demorado el servicio de habitaciones.",es   ,2026-04-20 19:40:47.798 -0500,neutro,0.999
22003,1,13,booking,2026-01-25,Aunque igual no pude dormir bien por el ruido. Me gustó el servicio.,es   ,2026-04-20 19:40:47.798 -0500,neutro,0.899
19165,1,13,booking,2026-03-08,"Muy bonitaslas areas comunes, la verdad demorado el servicio de habitaciones",es   ,2026-04-20 19:40:47.798 -0500,neutro,1.000
20372,1,13,booking,2026-02-11,Igual se escuchaba todo del pasillo y el baño tenía problemas. Buena relación calidadprecio.,es   ,2026-04-20 19:40:47.798 -0500,neutro,0.999
18712,1,13,booking,2025-11-10,Buena relacion calidad precio. aunQue se escuchaba todo del pasillo y el baño tenía prooblemas.,es   ,2026-04-20 19:40:47.798 -0500,neutro,1.000
19548,1,13,booking,2026-03-12,"La atencion fue excelente, igual el precio era algo elevado para lo que ofrece.",es   ,2026-04-20 19:40:47.798 -0500,neutro,1.000
18960,1,13,booking,2026-03-15,"El cuarto era amplio, eso si la cama no era muy comoda.",es   ,2026-04-20 19:40:47.798 -0500,neutro,0.999
17801,1,13,booking,2025-12-14,La ubucación es muy buena. pero el personal no fue muy atento y demorado el servicio de habitaciones.,es   ,2026-04-20 19:40:47.798 -0500,neutro,1.000
21375,1,13,booking,2025-12-01,Ambiente tranquilo y agradable. El baño teniaproblemas.,es   ,2026-04-20 19:40:47.798 -0500,neutro,1.000
21457,1,13,booking,2026-03-08,"Me parecio un hotel muy completo, eso sí no pudedormir bien por el ruido.",es   ,2026-04-20 19:40:47.798 -0500,neutro,1.000
19810,1,13,booking,2025-12-28,Igual el ascensor tardaba mucho. Habitacion espaciosa y limpia.,es   ,2026-04-20 19:40:47.798 -0500,neutro,0.784
22125,1,13,booking,2026-01-07,Buena experiencia en general lo recomiendo. pero en recepcion se demoraron demasiado.,es   ,2026-04-20 19:40:47.798 -0500,neutro,0.997
21683,1,13,booking,2026-04-12,"El wifi funcionaba bien, eso si la cama noera muy comoda.",es   ,2026-04-20 19:40:47.798 -0500,neutro,0.997
18407,1,13,booking,2026-02-01,"Cumplecon lo que promete, la verdad había mucho ruido en la noche y la aTenciónn pudoser mejor.",es   ,2026-04-20 19:40:47.798 -0500,neutro,0.999
17434,1,13,booking,2025-11-07,Eso si el colchon estaba algo viejo. Me parecio un hotel muy completo.,es   ,2026-04-20 19:40:47.798 -0500,neutro,0.971
18897,1,13,booking,2026-03-15,Cumple con lo que promete. La cama no era muy comoda.,es   ,2026-04-20 19:40:47.798 -0500,neutro,0.985
21636,1,13,booking,2026-02-10,Pero demasiado ruido externo. La piscina estaba muy bien.,es   ,2026-04-20 19:40:47.798 -0500,neutro,0.722
20626,1,13,booking,2025-12-09,Las camas eran cómodas. aunque igual la tv no funcionaba bien.,es   ,2026-04-20 19:40:47.798 -0500,neutro,0.439
19956,1,13,booking,2025-10-05,"El desayuno estuvo muy rico, pero la verdad habia mucho ruido en la noche.",es   ,2026-04-20 19:40:47.798 -0500,neutro,0.999
17584,1,13,booking,2026-03-10,Todo estuvo bien en general. pero la verdad la atencion pudo ser mejor.,es   ,2026-04-20 19:40:47.798 -0500,neutro,0.889
17283,1,13,booking,2026-04-01,El personal fueamable. Falta mantenimiento en algunas areass.,es   ,2026-04-20 19:40:47.798 -0500,neutro,0.937
21413,1,13,booking,2026-02-17,Buena eelacion calidad precio. No pude dormir bien por el ruido.,es   ,2026-04-20 19:40:47.798 -0500,neutro,0.997
18948,1,13,booking,2026-01-07,"Muy buen hotel en general, pero la verdad la comida llego fria.",es   ,2026-04-20 19:40:47.798 -0500,neutro,0.999
20671,1,13,booking,2025-10-17,"Muy buena vista desde la habitacion, la verdad el personal no fue muy atento.",es   ,2026-04-20 19:40:47.798 -0500,neutro,1.000
18725,1,13,booking,2026-03-23,Buena relacióncalidaddprecio. aunque problemas con el agua ccaliente.,es   ,2026-04-20 19:40:47.798 -0500,neutro,0.991
21545,1,13,booking,2026-03-09,La ubicación esmuy buena. Se escuchaba todo del pasillo y en recepción se demoraron demasiado.,es   ,2026-04-20 19:40:47.798 -0500,neutro,1.000
19558,1,13,booking,2025-12-24,El personal fue muy ammable. Np pude dormir bien por el ruido y la comida se demoro bastante.,es   ,2026-04-20 19:40:47.798 -0500,neutro,0.535
18088,1,13,booking,2025-11-16,"El personal fue amable, sin embargo la atencion pudo sermejoor.",es   ,2026-04-20 19:40:47.798 -0500,neutro,0.983
18409,1,13,booking,2025-11-21,Igual se escuchaba todo del pasillo y en recepción se demoraron demasiado. Me gustó el servicio.,es   ,2026-04-20 19:40:47.798 -0500,neutro,0.999
21836,1,13,booking,2026-04-01,Buena ubicacion para moverse por la ciudad. pero la verdad el personal no fue muy ateento.,es   ,2026-04-20 19:40:47.798 -0500,neutro,1.000
22022,1,13,booking,2025-12-08,"Habitacion espaciosa y limpia, sin embargo los muebles estaban algo deteriorados.",es   ,2026-04-20 19:40:47.798 -0500,neutro,1.000
21823,1,13,booking,2025-10-02,Buen servicio de habitaciones. pero falta mantenimientp en algunas areeas.,es   ,2026-04-20 19:40:47.798 -0500,neutro,0.944
21737,1,13,booking,2026-02-20,"Buen servicio de habitaciones, aunque igual demasiado ruido externo.",es   ,2026-04-20 19:40:47.798 -0500,neutro,0.999
20979,1,13,booking,2025-10-27,La verdad eldesayuno no fue lo esperado. El wifi funcionaba bien.,es   ,2026-04-20 19:40:47.798 -0500,neutro,0.964
17274,1,13,booking,2025-10-05,Muy buen hotel en general. aunque el precio era algo elevado para lo que ofrece.,es   ,2026-04-20 19:40:47.798 -0500,neutro,0.834
19426,1,13,booking,2025-10-26,La verdad habia mucho ruido en la noche. El cuarto era amplio.,es   ,2026-04-20 19:40:47.798 -0500,neutro,1.000
17960,1,13,booking,2026-03-03,Las camas eran comodas. aunque igual no habia agua calirnte en la mañana.,es   ,2026-04-20 19:40:47.798 -0500,neutro,0.880
17710,1,13,booking,2025-11-28,El perspnal fue amable. El wifi era muy lento.,es   ,2026-04-20 19:40:47.798 -0500,neutro,0.999
17424,1,13,booking,2026-01-05,La verdad los muebles estaban algO deteriorados. El personal fue muy amabble.,es   ,2026-04-20 19:40:47.798 -0500,neutro,0.997
18547,1,13,booking,2026-02-23,"Buena relacion calidad precio, pero la verdad la limpieza podeia mejorar.",es   ,2026-04-20 19:40:47.798 -0500,neutro,0.896
18001,1,13,booking,2026-02-17,Eso sí la cama no era muy comoda. La ubicación es muy buena.,es   ,2026-04-20 19:40:47.798 -0500,neutro,0.999
22265,1,13,booking,2026-03-23,La habitación estaba limpia. igual demasiado ruido externo y el desayuno no fue lo esperado.,es   ,2026-04-20 19:40:47.798 -0500,neutro,0.998
22455,1,13,booking,2026-02-07,La verdad el personal no fue muy atennto. Limpieza impecable.,es   ,2026-04-20 19:40:47.798 -0500,neutro,1.000
17651,1,13,booking,2026-04-10,Eso si se escuchaba todo del paSillo y el bano tenía problemas. La atencion fue excelente.,es   ,2026-04-20 19:40:47.798 -0500,neutro,1.000
17288,1,13,booking,2026-04-17,Buena ubicacion para moverse por la ciudad. Falta mantenimiento en algunas areas.,es   ,2026-04-20 19:40:47.798 -0500,neutro,0.981
17497,1,13,booking,2025-10-28,"El personal super amable y atento, pero la verdad demasiado ruido externo y el desayunono fue lo espeerado.",es   ,2026-04-20 19:40:47.798 -0500,neutro,1.000
22037,1,13,booking,2026-04-09,Muy bonitas las areas comunes. No habia agua caliente en la mañana.,es   ,2026-04-20 19:40:47.798 -0500,neutro,0.874
18309,1,13,booking,2025-12-24,Perp la verdad problemas con el agua caliente. Las toallas y roopa de cama limpias.,es   ,2026-04-20 19:40:47.798 -0500,neutro,0.579
22420,1,13,booking,2026-01-12,Las camas eran comodas. aunque igual la tv no funcionaba bien.,es   ,2026-04-20 19:40:47.798 -0500,neutro,0.862
21364,1,13,booking,2026-02-20,"La habitacion estaba limpia, pero se escuchaba todo del pasillo y en recepción se demoraron demasiado.",es   ,2026-04-20 19:40:47.798 -0500,neutro,0.996
18600,1,13,booking,2026-04-01,"Buenas instalaciones en general, sin embargo el personal no fue muy atento.",es   ,2026-04-20 19:40:47.798 -0500,neutro,0.890
20610,1,13,booking,2026-01-15,"El personal fue muy amable, igual la tv no funcionababien.",es   ,2026-04-20 19:40:47.798 -0500,neutro,0.998
21320,1,13,booking,2026-03-09,La verdad los muebles estsban algo deteriorados. La habitacion estaba limpia.,es   ,2026-04-20 19:40:47.798 -0500,neutro,1.000
21688,1,13,booking,2025-12-11,El personal super amable y atento. Femasuado ruido externo.,es   ,2026-04-20 19:40:47.798 -0500,neutro,0.992
20354,1,13,booking,2025-10-23,La habitación estaba limpia. La comida se demoro bastantte.,es   ,2026-04-20 19:40:47.798 -0500,neutro,0.977
20449,1,13,booking,2026-02-08,"Ambiente tranquilo y agradable, sin embargo se escuchaba todo del pasillo y el baño tenía problemas.",es   ,2026-04-20 19:40:47.798 -0500,neutro,1.000
17374,1,13,booking,2026-04-10,Igual el bsño estaba algo descuidado. Buenas instalaciones en general.,es   ,2026-04-20 19:40:47.798 -0500,neutro,1.000
18905,1,13,booking,2026-02-03,Me psrecio un hotel muy completo. Los muebles estabsn algo deteriorados.,es   ,2026-04-20 19:40:47.798 -0500,neutro,0.685
17883,1,13,booking,2025-12-24,Muy bien ubicado cerca al centro. eso sí se escuchaba todo del pasillo y el baño tenía problemas.,es   ,2026-04-20 19:40:47.798 -0500,neutro,1.000
21630,1,13,booking,2026-02-07,"Las camas eran comodas, igual demasiado ruido externo y el desayuno no fue lo esperado.",es   ,2026-04-20 19:40:47.798 -0500,neutro,0.999
21237,1,13,booking,2025-10-03,Buena experiencia en general lo recomiendo. eso sí la tv no funcionaba bien.,es   ,2026-04-20 19:40:47.798 -0500,neutro,0.985
20308,1,13,booking,2026-03-17,Muy buen hotel en general. El colchon estaba algo viejo y el personal no fue muy atento.,es   ,2026-04-20 19:40:47.798 -0500,neutro,0.996
21802,1,13,booking,2025-11-12,El wifi funcionaba bien. Problemass con el agua caliente.,es   ,2026-04-20 19:40:47.798 -0500,neutro,0.893
19626,1,13,booking,2025-11-17,"Ek personal fue muy amable, eso si el desayuno no fue loesperado.",es   ,2026-04-20 19:40:47.798 -0500,neutro,0.885
22439,1,13,booking,2026-02-01,"Cumple con lo que promete, sin embargo el aire acondicionado hacia ruido.",es   ,2026-04-20 19:40:47.798 -0500,neutro,0.999
18013,1,13,booking,2026-01-19,El parqueadero fue util. pero la verdad el aire acondicionado hacia ruido.,es   ,2026-04-20 19:40:47.798 -0500,neutro,1.000
19084,1,13,booking,2026-02-27,"El personal fue muy amable, pero demorado el servicio de habitaciones",es   ,2026-04-20 19:40:47.798 -0500,neutro,1.000
21821,1,13,booking,2025-12-19,La ubicacion es muy buena. El desayuno no fue lo esperado.,es   ,2026-04-20 19:40:47.798 -0500,neutro,1.000
19756,1,13,booking,2025-11-17,"Las toallas y ropa de cama limpias, aunque igual se escuchaba todo del pasillo y en recepcion se demoraron demasiado.",es   ,2026-04-20 19:40:47.798 -0500,neutro,1.000
19458,1,13,booking,2026-01-13,El personal super amable y atento. pero la verdad demasiado ruido externo y el desayuno no fue lo esperado.,es   ,2026-04-20 19:40:47.798 -0500,neutro,1.000
21285,1,13,booking,2025-10-26,"Buenas instalaciones en general, igual demasiado ruido externo.",es   ,2026-04-20 19:40:47.798 -0500,neutro,1.000
21832,1,13,booking,2025-12-03,"Buena experiencia en general lo recomiendo, pero la cama no era muy comoda.",es   ,2026-04-20 19:40:47.798 -0500,neutro,0.964
21897,1,13,booking,2026-03-24,Eso sí el personal no fue muy atento. Muy buen hotel en genneral.,es   ,2026-04-20 19:40:47.798 -0500,neutro,1.000
17849,1,13,booking,2025-12-06,"Excelente ubicacion cerca a todo, pero lacama no era muy comoda.",es   ,2026-04-20 19:40:47.798 -0500,neutro,1.000
22191,1,13,booking,2026-01-05,"La habitacion estaba limpia, pero la verdad el parqueadero era muy pequeño.",es   ,2026-04-20 19:40:47.798 -0500,neutro,0.999
18841,1,13,booking,2026-03-30,Todo rstuvo bien en general. pero el parqueadero era muy pequeño.,es   ,2026-04-20 19:40:47.798 -0500,neutro,0.794
18385,1,13,booking,2026-01-01,Pero las instalaciones estan algo viejas. El restaurante del hotel estuvo rico.,es   ,2026-04-20 19:40:47.798 -0500,neutro,0.584
20027,1,13,booking,2026-03-17,El restaurante del hotel estuvo rico. Se escuchaba todo del pasillo y en recepción se demoraron deemasiado.,es   ,2026-04-20 19:40:47.798 -0500,neutro,0.714
18220,1,13,booking,2026-04-13,Muy bonitas las areas comunes. La comida llego fria.,es   ,2026-04-20 19:40:47.798 -0500,neutro,0.733
17625,1,13,booking,2026-04-04,El personal super amable y atento. Habia olor raro en la habitacion.,es   ,2026-04-20 19:40:47.798 -0500,neutro,1.000
18307,1,13,booking,2025-12-06,"El colchon era comodisimo, la verdad la comida llego fria.",es   ,2026-04-20 19:40:47.798 -0500,neutro,0.997
17783,1,13,booking,2026-02-23,El colchon rra comodisimo. El desayuno no fue lo esperado.,es   ,2026-04-20 19:40:47.798 -0500,neutro,1.000
17409,1,13,booking,2026-03-28,"Todo estuvo bien en general, sin embargo la limpieza podria mejorar.",es   ,2026-04-20 19:40:47.798 -0500,neutro,0.983
19975,1,13,booking,2025-11-16,Eso sí en recepcion se demoraron demasiado. La recepcion fue muy cordial.,es   ,2026-04-20 19:40:47.798 -0500,neutro,1.000
17446,1,13,booking,2025-11-06,Me gustó el servicio. El wifi era muy lento.,es   ,2026-04-20 19:40:47.798 -0500,neutro,0.999
21037,1,13,booking,2025-10-16,"La habitación esttaba limpia, aunque el aire acondicionado hacia ruido",es   ,2026-04-20 19:40:47.798 -0500,neutro,0.930
21777,1,13,booking,2025-11-29,Eso sí la comida llego fria. Buena relación calidad precio.,es   ,2026-04-20 19:40:47.798 -0500,neutro,0.847
21165,1,13,booking,2025-12-03,El check in fue rapido. eso si la cAma no era muy comoda.,es   ,2026-04-20 19:40:47.798 -0500,neutro,1.000
21288,1,13,booking,2026-02-01,Me gusto el servicio. igual el colchon estaba algo viejo.,es   ,2026-04-20 19:40:47.798 -0500,neutro,0.998
20810,1,13,booking,2026-03-26,"Buenas instalaciones en general, eso si peoblemas con el agua caliente.",es   ,2026-04-20 19:40:47.798 -0500,neutro,0.999
18836,1,13,booking,2026-03-22,La atencion fue excelente. sin embargo la atencion puddo ser mejor.,es   ,2026-04-20 19:40:47.798 -0500,neutro,0.958
22126,1,13,booking,2026-03-22,La recepcion fue muy cordiall. Demasiado ruido externo.,es   ,2026-04-20 19:40:47.798 -0500,neutro,1.000
18657,1,13,booking,2026-03-31,Sin embargo el servicio fue algo demorado. Todo estuvo bien en general.,es   ,2026-04-20 19:40:47.798 -0500,neutro,0.823
18772,1,13,booking,2025-10-03,Me gustó el servicio. la verdad el aire acondicionado hacia ruido.,es   ,2026-04-20 19:40:47.798 -0500,neutro,0.691
22102,1,13,booking,2026-01-25,Cumple con lo que promete. sin embargo demorado el servicio de habitaciones,es   ,2026-04-20 19:40:47.798 -0500,neutro,0.942
20198,1,13,booking,2025-12-10,Me gustó el servicio. pero no pude dormir bien por el ruido.,es   ,2026-04-20 19:40:47.798 -0500,neutro,0.997
18145,1,13,booking,2026-03-26,Limpiezzs impecable. El precio era algO elevado para lo que ofrece.,es   ,2026-04-20 19:40:47.798 -0500,neutro,0.900
22312,1,13,booking,2026-03-07,Pero en recepcion se demoraron demasiado y se escuchaba todo del pasillo. La ubicacion es muy buena.,es   ,2026-04-20 19:40:47.798 -0500,neutro,0.950
21134,1,13,booking,2026-02-09,"El restaurante del hotel estuvo rico, aunque igual demasiado rUido externo.",es   ,2026-04-20 19:40:47.798 -0500,neutro,0.932
20517,1,13,booking,2026-04-06,La habitación estaba limpia. Habia mucho ruido en la noche.,es   ,2026-04-20 19:40:47.798 -0500,neutro,0.999
17204,1,13,booking,2026-02-26,Me parrecio un hotel muy completo. No habia agua caliente en la mañana.,es   ,2026-04-20 19:40:47.798 -0500,neutro,0.997
17754,1,13,booking,2025-12-15,El cuarto era amplio. Habia humedad en el cuarto.,es   ,2026-04-20 19:40:47.798 -0500,neutro,0.990
21445,1,13,booking,2025-10-25,"Buena relaciónn calidad precio, sin embargo en eecepcion se demoraron demasiado.",es   ,2026-04-20 19:40:47.798 -0500,neutro,1.000
18966,1,13,booking,2026-01-28,Aunque la comida se demoro bastante. Cumple con loque prommete.,es   ,2026-04-20 19:40:47.798 -0500,neutro,0.997
18411,1,13,booking,2026-04-16,El personal hizo todo lo posible por ayudar. pero había mucho ruidoen la noche yla atención pudo ser mejor,es   ,2026-04-20 19:40:47.798 -0500,neutro,1.000
18168,1,13,booking,2025-10-18,El cuarto era amplio. eso si se escuchaba todo del pasillo y en recepción se demoraron demasiado.,es   ,2026-04-20 19:40:47.798 -0500,neutro,1.000
21527,1,13,booking,2026-01-04,Buena relación calidad precio. El colchon estaba algo viejo.,es   ,2026-04-20 19:40:47.798 -0500,neutro,0.581
20047,1,13,booking,2026-03-19,Las camaseran cómodas. aunque los muebles estaban algo deteriorados.,es   ,2026-04-20 19:40:47.798 -0500,neutro,0.802
17593,1,13,booking,2026-01-29,El parqueadero fue util. igual poca variedad en el desayuno.,es   ,2026-04-20 19:40:47.798 -0500,neutro,1.000
21332,1,13,booking,2026-02-05,La recepcion fue muy cordial. El serviciio fue algo demorado.,es   ,2026-04-20 19:40:47.798 -0500,neutro,1.000
21623,1,13,booking,2026-01-28,Me gusto el servicio. pero la verdad habia olorraro en la habitacion.,es   ,2026-04-20 19:40:47.798 -0500,neutro,1.000
22404,1,13,booking,2025-11-11,Pero demasiado ruido externo y el desayuno no fue lo esperado. Buen servicio de habitaciones.,es   ,2026-04-20 19:40:47.798 -0500,neutro,0.990
21384,1,13,booking,2026-01-05,Aunque se escuchaba todo del pasillo y en recepción se demoraron demasiado. El desayuno estuvo muy rico.,es   ,2026-04-20 19:40:47.798 -0500,neutro,0.924
20338,1,13,booking,2026-03-23,Buena relación calidad precio. El baño tenia problemas.,es   ,2026-04-20 19:40:47.798 -0500,neutro,0.802
17909,1,13,booking,2026-02-04,La verdad el serviciofue algo demorado. La ubicacion es muy buena.,es   ,2026-04-20 19:40:47.798 -0500,neutro,1.000
17197,1,13,booking,2026-03-08,"Las camas eran comodas, aunque igual la comida se demoro bastante.",es   ,2026-04-20 19:40:47.798 -0500,neutro,0.980
21870,1,13,booking,2026-02-28,El check in fue rapido. la verdad la cama no era muy comoda.,es   ,2026-04-20 19:40:47.798 -0500,neutro,0.999
21508,1,13,booking,2026-04-03,Me gusto el servicio. La limpirza podria mejorar.,es   ,2026-04-20 19:40:47.798 -0500,neutro,0.954
21975,1,13,booking,2026-01-07,El personal super amable y atento. Habia mucho ruido en la noche.,es   ,2026-04-20 19:40:47.798 -0500,neutro,0.678
19107,1,13,booking,2025-10-16,Aunque demorado el serviciode habitaciones. Me gusto el seervicio.,es   ,2026-04-20 19:40:47.798 -0500,neutro,0.975
17866,1,13,booking,2026-02-18,Eso si la cama no era muy comoda. Muy bien ubicado cerca al centro.,es   ,2026-04-20 19:40:47.798 -0500,neutro,1.000
21156,1,13,booking,2026-04-01,Igual el baño estaba algo descuidado. La atencion fue excelente.,es   ,2026-04-20 19:40:47.798 -0500,neutro,0.997
17161,1,13,booking,2025-11-29,Eso si los muebles estaban algo deteriorados. La rrcepcion fue muycordial.,es   ,2026-04-20 19:40:47.798 -0500,neutro,0.981
22326,1,13,booking,2026-03-05,La verdad problemas con el agua caliente. Todo esttuvo bien en geneeral.,es   ,2026-04-20 19:40:47.798 -0500,neutro,0.930
22141,1,13,booking,2026-01-29,"El personal hizo todo lo posible porayudar, sin embargo habia olor raro en la habitacion.",es   ,2026-04-20 19:40:47.798 -0500,neutro,1.000
17376,1,13,booking,2026-02-23,Aunque igual se escuchaba todo del pasillo y en recepción se demoraron demasiado y el baño estaba algo descuidado. Cumple con lo que promete.,es   ,2026-04-20 19:40:47.798 -0500,neutro,1.000
20191,1,13,booking,2026-04-10,"El cuartp era amplio, pero la verdad el personal no fue muy atento",es   ,2026-04-20 19:40:47.798 -0500,neutro,0.506
21153,1,13,booking,2026-03-10,"El desayuno estuvo muy rico, eso si demorado el servicio de habitaciones.",es   ,2026-04-20 19:40:47.798 -0500,neutro,1.000
19963,1,13,booking,2025-10-05,La piscina estaba muy bien. Falta mantenimiento en algunas areas.,es   ,2026-04-20 19:40:47.798 -0500,neutro,0.995
21875,1,13,booking,2026-04-09,Igual el colchon esttaba algo viejo. El personal hizo todo lo posible por ayudar.,es   ,2026-04-20 19:40:47.798 -0500,neutro,0.998
18261,1,13,booking,2026-01-21,Buenas instalaciones en geneeral. Demasiado ruido externo.,es   ,2026-04-20 19:40:47.798 -0500,neutro,1.000
18030,1,13,booking,2025-10-24,Muy bien uubicsdo cerca al centro. pero la verdad el wifi era muy lento.,es   ,2026-04-20 19:40:47.798 -0500,neutro,0.994
19849,1,13,booking,2025-11-18,El colchon rra comodisimo. Demasiado ruido externo.,es   ,2026-04-20 19:40:47.798 -0500,neutro,0.997
19332,1,13,booking,2025-10-17,Pero la verdad problemas con el agua caliente. La ubicacion es muy buena.,es   ,2026-04-20 19:40:47.798 -0500,neutro,0.966
20012,1,13,booking,2026-03-02,Todo estuvo bien en geneeal. sin embargo los muebles estaban algo deteriorados,es   ,2026-04-20 19:40:47.798 -0500,neutro,0.744
20906,1,13,booking,2026-04-02,Aunque la comidallego fria. Todo estuvo bien en general.,es   ,2026-04-20 19:40:47.798 -0500,neutro,0.999
20702,1,13,booking,2026-04-16,"La piscina estaba muy bien, pero la verdad sr escuchaba todo del paasillo.",es   ,2026-04-20 19:40:47.798 -0500,neutro,0.752
17321,1,13,booking,2026-01-28,Buena relacion calidad precio. pero la verdad seescuchaba tododel pasillo y el baño tenía problemas.,es   ,2026-04-20 19:40:47.798 -0500,neutro,0.879
21569,1,13,booking,2026-02-24,Sin embargo falta mantenimiento en algunas areas. Buena experiencia en general lo recomiendo.,es   ,2026-04-20 19:40:47.798 -0500,neutro,0.815
22410,1,13,booking,2026-01-10,"Kimpieza impecaable, eso si la cama no era muy comoda.",es   ,2026-04-20 19:40:47.798 -0500,neutro,0.989
17123,1,13,booking,2026-03-16,"Me parecio un hotel muy completo, eso si poca variedad em el deesayuno.",es   ,2026-04-20 19:40:47.798 -0500,neutro,1.000
19405,1,13,booking,2025-11-14,La habitaciónestaba limpiaa. la verdad habia olor raro en la habitacion.,es   ,2026-04-20 19:40:47.798 -0500,neutro,0.999
18660,1,13,booking,2026-03-07,Sin embargo el ascensor tardaba mucho. La habitacion estaba limpiaa.,es   ,2026-04-20 19:40:47.798 -0500,neutro,0.998
19404,1,13,booking,2026-03-18,Habitacion espaciosa y limpia. pero la verdad habia humedad en el cuarto.,es   ,2026-04-20 19:40:47.798 -0500,neutro,0.997
19798,1,13,booking,2026-04-13,Aunque no pude dormir bien por el ruido. Las camas eran cómodas.,es   ,2026-04-20 19:40:47.798 -0500,neutro,0.622
20673,1,13,booking,2026-01-07,Eso si el servicio fue algo demorrado. El personal hizo todo lo posible por ayudar.,es   ,2026-04-20 19:40:47.798 -0500,neutro,1.000
21206,1,13,booking,2026-02-04,"Muy buen hotel en general, sin embargo demorado el servicio de habitaciones.",es   ,2026-04-20 19:40:47.798 -0500,neutro,0.999
19110,1,13,booking,2025-11-24,Todo estuvo bien en general.Nohabia agua caliente en la mañana.,es   ,2026-04-20 19:40:47.798 -0500,neutro,0.820
21135,1,13,booking,2026-03-14,Limpieza impecable. El servicio fue algo demorado.,es   ,2026-04-20 19:40:47.798 -0500,neutro,0.831
17903,1,13,booking,2025-10-22,El parqueaadero fueutil. sin embargo falta mantenimiento en algunas areeas.,es   ,2026-04-20 19:40:47.798 -0500,neutro,0.999
20910,1,13,booking,2026-04-12,Todo estuvo bien en general. En recepcion se demoraron demasiado.,es   ,2026-04-20 19:40:47.798 -0500,neutro,0.997
18781,1,13,booking,2025-10-10,Sin embargo el servicio fue algo demorado. Muy bonitas las areas comunes.,es   ,2026-04-20 19:40:47.798 -0500,neutro,0.975
19534,1,13,booking,2025-12-15,Ambiente teanquilo y agradable. pero problemas con el agua caliente.,es   ,2026-04-20 19:40:47.798 -0500,neutro,0.825
17812,1,13,booking,2026-04-04,La habitacion estaba limpia. La comida llego fria.,es   ,2026-04-20 19:40:47.798 -0500,neutro,0.982
19456,1,13,booking,2026-02-05,Pero la verdad el colchon estaba algo viejo. El restaurante del hotel estuvo rico.,es   ,2026-04-20 19:40:47.798 -0500,neutro,0.994
22253,1,13,booking,2026-02-10,Aunque se escuchaba todo del pasillo y el baño tenía problemas. Muy bien ubicado cerca al centro.,es   ,2026-04-20 19:40:47.798 -0500,neutro,1.000
17333,1,13,booking,2025-10-01,Muy buen hotel en general. Se escuchaba todo del pasillo y en recepción se demoraron demasiado.,es   ,2026-04-20 19:40:47.798 -0500,neutro,0.997
21278,1,13,booking,2025-12-02,"Cumple con lo que promete, pero había mucho ruido en la noche y la atención pudo ser mejor.",es   ,2026-04-20 19:40:47.798 -0500,neutro,0.875
20467,1,13,booking,2026-03-02,"Buena relación calidad preccio, aunque se escuchaba todo del pasillo.",es   ,2026-04-20 19:40:47.798 -0500,neutro,0.537
19303,1,13,booking,2026-01-23,Buena relación calidad precio. eso sí falta mantenimientto en algunas areas.,es   ,2026-04-20 19:40:47.798 -0500,neutro,1.000
18323,1,13,booking,2026-01-24,"Todo estuvo bien en general, sin embargo el precio era algo elEvado para lo que ofrece.",es   ,2026-04-20 19:40:47.798 -0500,neutro,0.990
21858,1,13,booking,2026-03-25,Me parecio un hotel muy completo. aunque no pude dormir bien por el ruido y la comida se demoró bastante.,es   ,2026-04-20 19:40:47.798 -0500,neutro,1.000
20821,1,13,booking,2026-02-23,La ubicación es muy buena. Sr escuchaba todo del pasillo yy en recepción se demoraron demasiado.,es   ,2026-04-20 19:40:47.798 -0500,neutro,1.000
19390,1,13,booking,2025-10-12,"Muy buena vista desde la habitacion, eso sí demorado el servicio de habitaciones.",es   ,2026-04-20 19:40:47.798 -0500,neutro,1.000
20712,1,13,booking,2025-10-17,El personal super amable y atento. Elaire acondicionado hacia ruido.,es   ,2026-04-20 19:40:47.798 -0500,neutro,0.995
17481,1,13,booking,2026-01-31,Buena relacion calidad precio. No pude dormir bien por el ruido y en recepcion se demoraron demasiado.,es   ,2026-04-20 19:40:47.798 -0500,neutro,1.000
18642,1,13,booking,2026-03-18,Cumple con lo que promete. pero la verdad problemas con el agua caliennte.,es   ,2026-04-20 19:40:47.798 -0500,neutro,0.627
20258,1,13,booking,2025-11-21,La piscina estabA muy bien. pero la verdad la comida llego fria,es   ,2026-04-20 19:40:47.798 -0500,neutro,0.760
18263,1,13,booking,2025-12-29,Eso sí el wifi era muy lento. El cusrto era amplio.,es   ,2026-04-20 19:40:47.798 -0500,neutro,0.957
22444,1,13,booking,2026-02-19,Cumple con lo que promete. Habiamucho ruido en la noche,es   ,2026-04-20 19:40:47.798 -0500,neutro,0.980
17745,1,13,booking,2025-10-23,El restaurante del hotel estuvo rico. Falta mantenimiento en algunas areas.,es   ,2026-04-20 19:40:47.798 -0500,neutro,1.000
19793,1,13,booking,2026-04-12,Peeo la verdad rl desayuno nofue lo esperado. El personal fue muy amable.,es   ,2026-04-20 19:40:47.798 -0500,neutro,1.000
17048,1,13,booking,2026-04-14,"Todo estuvo bien en general, la verdad la comida llego fria.",es   ,2026-04-20 19:40:47.798 -0500,neutro,0.722
22246,1,13,booking,2026-01-22,Las camas eran comodas. eso si el baño tenia problemas.,es   ,2026-04-20 19:40:47.798 -0500,neutro,0.999
21825,1,13,booking,2026-03-17,Eso si los muebles estaban algo deteriorados. Muy buen hotek en general.,es   ,2026-04-20 19:40:47.798 -0500,neutro,1.000
19423,1,13,booking,2025-10-20,El desayuno estuvo muy rico. El desayuno no fue lo esperado.,es   ,2026-04-20 19:40:47.798 -0500,neutro,0.938
21125,1,13,booking,2025-10-17,"Muy buen hotel en geneeral, sin embargo demasiado ruido externo y el desayuno no fue lo esperado.",es   ,2026-04-20 19:40:47.798 -0500,neutro,1.000
18086,1,13,booking,2025-10-31,"Ambiente tranquilo y agradable, aunque igual demasiado ruiido externo y el desayuno no fuelo esperado",es   ,2026-04-20 19:40:47.798 -0500,neutro,1.000
18683,1,13,booking,2026-04-09,"La atencion fue excelente, aunque las instalaciones estAn algo viejaas.",es   ,2026-04-20 19:40:47.798 -0500,neutro,1.000
20561,1,13,booking,2025-12-07,"Me gusto el servicio, la verdad demasiado ruido externo.",es   ,2026-04-20 19:40:47.798 -0500,neutro,0.998
17480,1,13,booking,2026-03-04,AunquE igual habia olorraro en la habitacion. El personalfue muy amable.,es   ,2026-04-20 19:40:47.798 -0500,neutro,0.928
20196,1,13,booking,2025-12-13,El restaurante del hotel estuvo rico. aunque igual habia humedad en el cuarto y demasiado ruido externo.,es   ,2026-04-20 19:40:47.798 -0500,neutro,1.000
19361,1,13,booking,2025-10-12,"El personal fue amable, eso si la tv no funcionaba bien.",es   ,2026-04-20 19:40:47.798 -0500,neutro,1.000
18965,1,13,booking,2025-11-27,"El restaurante del hotel estuvo rico, la verdad no pude dormir bien por el ruido y la comida se demoró bastante.",es   ,2026-04-20 19:40:47.798 -0500,neutro,0.995
19122,1,13,booking,2025-11-21,El colchon era comodisimo. aunque igual la comida se demoro bastanTe,es   ,2026-04-20 19:40:47.798 -0500,neutro,0.989
20321,1,13,booking,2025-11-18,Aunque igual en recepcion se demoraron demasiado. El personal fue muy amable.,es   ,2026-04-20 19:40:47.798 -0500,neutro,0.887
17105,1,13,booking,2025-11-26,"El desayunoestuvo muy rico, eso si habia humedad en el cuarto.",es   ,2026-04-20 19:40:47.798 -0500,neutro,0.709
22064,1,13,booking,2025-11-15,Sin embargo el colchon estaba algO viejo. Todo estuvo bien en general.,es   ,2026-04-20 19:40:47.798 -0500,neutro,0.989
20098,1,13,booking,2025-12-28,Eso sí el aire acondicionado hacia ruido. Las camas eran cómodas.,es   ,2026-04-20 19:40:47.798 -0500,neutro,0.619
17397,1,13,booking,2026-01-08,Eso si la atencion pufo ser mejor. El cuarto era amplio.,es   ,2026-04-20 19:40:47.798 -0500,neutro,1.000
21034,1,13,booking,2026-01-24,Pero falta mantenimientto enalgunasareas. Limpieza impecable.,es   ,2026-04-20 19:40:47.798 -0500,neutro,0.849
19551,1,13,booking,2026-04-03,Eso sí la puerta no cerraba bien. Buena ubicacion para moverse por la ciudad.,es   ,2026-04-20 19:40:47.798 -0500,neutro,1.000
20207,1,13,booking,2025-12-09,La habitacion estaba limpia. igual los muebles estaban algo deterioradosy el servicio fue algo demorado.,es   ,2026-04-20 19:40:47.798 -0500,neutro,1.000
19445,1,13,booking,2026-02-27,Me gusto el servicio. Elbaño estaba algo descuidado.,es   ,2026-04-20 19:40:47.798 -0500,neutro,1.000
22051,1,13,booking,2026-02-08,Buenasinstalaciones en general. Rl desayuno no fue lo esperado.,es   ,2026-04-20 19:40:47.798 -0500,neutro,0.903
18821,1,13,booking,2026-02-03,Sin embargo falta mantenimiento en algunas areas. El personal fue muy amable.,es   ,2026-04-20 19:40:47.798 -0500,neutro,0.996
18325,1,13,booking,2025-11-19,"La recepcion fue muy cordial, pero habia olor raro en la habitacion.",es   ,2026-04-20 19:40:47.798 -0500,neutro,1.000
21346,1,13,booking,2026-01-01,"Muy bonitas las areas comunes, la verdad habia mucho ruido en la noche.",es   ,2026-04-20 19:40:47.798 -0500,neutro,0.985
20731,1,13,booking,2026-01-05,"El parqueadero fue util, igual el aireacondicionado hacia ruido.",es   ,2026-04-20 19:40:47.798 -0500,neutro,1.000
17599,1,13,booking,2026-03-09,"La ubicacion es muy buena, eso sí la comida se demoro bastante.",es   ,2026-04-20 19:40:47.798 -0500,neutro,1.000
19707,1,13,booking,2026-03-31,Me gusto el servicio. El personal no fue muy atento.,es   ,2026-04-20 19:40:47.798 -0500,neutro,1.000
19563,1,13,booking,2026-01-04,La habitación estaba limpia. Demorado el servicio de habitaciones.,es   ,2026-04-20 19:40:47.798 -0500,neutro,0.913
20811,1,13,booking,2026-01-11,El colchon era comodisimo. Elwifi era muy lento.,es   ,2026-04-20 19:40:47.798 -0500,neutro,0.995
19616,1,13,booking,2026-03-06,Las camas eran comodas. Habia olor raro en la habitacion.,es   ,2026-04-20 19:40:47.798 -0500,neutro,0.999
21207,1,13,booking,2025-11-10,Cumple con lo que promete. eso sí la cama no era muy comoda.,es   ,2026-04-20 19:40:47.798 -0500,neutro,0.998
19579,1,13,booking,2026-03-12,Cumple con lo que prometee. eso si el desayuno no fue lo esperado.,es   ,2026-04-20 19:40:47.798 -0500,neutro,0.961
17950,1,13,booking,2026-02-20,"La ubicacion es muy buena, pero la verdad poca variedad en el desayuno.",es   ,2026-04-20 19:40:47.798 -0500,neutro,0.998
18736,1,13,booking,2026-04-13,El personal super amable y atento. igual no habia agua caliente en la mañanaa.,es   ,2026-04-20 19:40:47.798 -0500,neutro,0.664
21933,1,13,booking,2025-11-10,El personalfue muy amablee. El desayuno no fue lo esperado.,es   ,2026-04-20 19:40:47.798 -0500,neutro,1.000
19002,1,13,booking,2025-10-08,Ambiente tranquilo y agradable. El servicio fue algo demorado.,es   ,2026-04-20 19:40:47.798 -0500,neutro,0.726
18901,1,13,booking,2026-01-19,Me gustó el servicio. El colchon estsba allgo viejo,es   ,2026-04-20 19:40:47.798 -0500,neutro,0.925
18796,1,13,booking,2026-04-15,"El personal super amable y atento, sin embargo los mueblesestaban algo deteriorados.",es   ,2026-04-20 19:40:47.798 -0500,neutro,1.000
22212,1,13,booking,2025-10-09,"Excelenteubicación cerca a todo, pero la verdad falta mantenimiento en algunas areeas.",es   ,2026-04-20 19:40:47.798 -0500,neutro,0.802
19041,1,13,booking,2025-11-02,El pEesonal fue muy amable. El servicio fue algo demorado.,es   ,2026-04-20 19:40:47.798 -0500,neutro,0.998
22254,1,13,booking,2026-01-29,Pero la verdad no pude dormir bien por el ruido. El personal super amable y atento.,es   ,2026-04-20 19:40:47.798 -0500,neutro,1.000
20351,1,13,booking,2025-10-28,Buenas instalaciones en general. aunque demasiado ruido externo y habia humedad en el ccuarto.,es   ,2026-04-20 19:40:47.798 -0500,neutro,1.000
21920,1,13,booking,2025-11-01,Igual demorado el servicio de habitaciones. Las camas eran comodas.,es   ,2026-04-20 19:40:47.798 -0500,neutro,0.999
21203,1,13,booking,2025-12-27,Muy buena vista desde la habitaciion. La cama no era muy comoda.,es   ,2026-04-20 19:40:47.798 -0500,neutro,0.997
18674,1,13,booking,2026-02-26,"Limpirza impecable, sin embargo el personal no fue muy atento.",es   ,2026-04-20 19:40:47.798 -0500,neutro,1.000
17697,1,13,booking,2026-02-21,Muy buena vista desde la habitacion. Falta mantenimiento en algunas areas.,es   ,2026-04-20 19:40:47.798 -0500,neutro,0.999
17937,1,13,booking,2026-03-25,Buena experiencia en general lo recomiendo. Falta mantenimiento en algunas areas.,es   ,2026-04-20 19:40:47.798 -0500,neutro,0.860
21896,1,13,booking,2025-12-17,El personal fue amable. eso si el baño tenia problemas.,es   ,2026-04-20 19:40:47.798 -0500,neutro,1.000
20829,1,13,booking,2025-11-23,La verdad en recepcion se demoraron demasiado. La ubicación es muy buena.,es   ,2026-04-20 19:40:47.798 -0500,neutro,0.996
21786,1,13,booking,2025-10-30,"Ambiemte tranquilp y agradable, pero el colchon estaba algo viejo.",es   ,2026-04-20 19:40:47.798 -0500,neutro,0.941
21406,1,13,booking,2025-12-10,Pero la verdad poca variedad en el desayuno. El personal hizotodo lo posible por ayudar.,es   ,2026-04-20 19:40:47.798 -0500,neutro,0.948
18819,1,13,booking,2026-03-02,Sin embargo poca variedad en el desayuno. Las camas eran cómodas,es   ,2026-04-20 19:40:47.798 -0500,neutro,0.979
21016,1,13,booking,2025-11-01,Eso sí la puerta no cerraba bien. La piscina estaba muy bien.,es   ,2026-04-20 19:40:47.798 -0500,neutro,0.980
19909,1,13,booking,2026-02-02,"El check in fue rapido, aunque demorado el servicio de habitaciones.",es   ,2026-04-20 19:40:47.798 -0500,neutro,0.998
21712,1,13,booking,2026-04-10,El wifi funcionaba bien. La cama no era muy comoda.,es   ,2026-04-20 19:40:47.798 -0500,neutro,0.942
17808,1,13,booking,2026-01-12,"El colchon era comodisimo, aunque se escuchaba todo del pasillo yel baño teníaproblemas.",es   ,2026-04-20 19:40:47.798 -0500,neutro,1.000
18354,1,13,booking,2025-10-28,Excelente ubicación cerca a todo. eso sí los muebles estaban algo deteriorados,es   ,2026-04-20 19:40:47.798 -0500,neutro,0.998
18031,1,13,booking,2026-02-03,Cumple con lo que promete. Los muebles estaban algo deteriorados.,es   ,2026-04-20 19:40:47.798 -0500,neutro,0.496
20052,1,13,booking,2025-12-07,Excelente ubicación ceerca a todo. eso si el precio era algo elevado para lo que ofrece.,es   ,2026-04-20 19:40:47.798 -0500,neutro,0.988
19238,1,13,booking,2026-03-09,El personal hizo todo lo posible por ayudar. Habia humedad en el cuarto.,es   ,2026-04-20 19:40:47.798 -0500,neutro,1.000
21615,1,13,booking,2025-11-15,"Buenas instalaciones en general, pero falta mantenimiento en algunas areas.",es   ,2026-04-20 19:40:47.798 -0500,neutro,0.968
17844,1,13,booking,2026-03-12,Buena ubicacion para moverse por la ciudad. pero la verdad la comida se demoro bastante.,es   ,2026-04-20 19:40:47.798 -0500,neutro,1.000
18488,1,13,booking,2025-11-05,Ambiente tranquilo y agradable. igual la comida se demoro bastante.,es   ,2026-04-20 19:40:47.798 -0500,neutro,0.908
19385,1,13,booking,2026-01-04,Precio justo por lo que ofrece. igual demorado el servicio de habitaciones.,es   ,2026-04-20 19:40:47.798 -0500,neutro,0.515
19701,1,13,booking,2026-04-15,Igual lacama no eramuy comoda. Ambiente tranquilo y agradable.,es   ,2026-04-20 19:40:47.798 -0500,neutro,1.000
20854,1,13,booking,2026-04-18,La habitacion estaba limpia.El wifi era muy lento.,es   ,2026-04-20 19:40:47.798 -0500,neutro,0.995
18584,1,13,booking,2026-02-21,Muy bonitas las areas comunes. La comida llego fria.,es   ,2026-04-20 19:40:47.798 -0500,neutro,0.733
22002,1,13,booking,2025-10-27,"Excelente ubicación cerca a todo, sin embargoel serviciofue algo demoradoo.",es   ,2026-04-20 19:40:47.798 -0500,neutro,1.000
20428,1,13,booking,2026-03-18,Pero la verdad el ascensor tardabamucho. La ubicaciones muy buena.,es   ,2026-04-20 19:40:47.798 -0500,neutro,0.997
21723,1,13,booking,2025-12-15,El checkin fue rapido. En recepcion se demoraron demasiado.,es   ,2026-04-20 19:40:47.798 -0500,neutro,0.967
21118,1,13,booking,2026-03-16,"La recepcion fue muy cordial, eso si la tv no funcionaba bien",es   ,2026-04-20 19:40:47.798 -0500,neutro,1.000
21625,1,13,booking,2026-03-09,"La habitacion estaba limpia, eso sí la comida se demoro bastante.",es   ,2026-04-20 19:40:47.798 -0500,neutro,1.000
20350,1,13,booking,2026-04-18,Buen servicio de habitaciones. pero la verdad el bañp estaba algo descuidado.,es   ,2026-04-20 19:40:47.798 -0500,neutro,0.998
18639,1,13,booking,2025-10-07,Sin embargo el personal no fue muy atento. Las toallas y ropa de cama limpias.,es   ,2026-04-20 19:40:47.798 -0500,neutro,0.930
18288,1,13,booking,2025-11-18,Pero la verdad en recepcion se demoraron demasiado. Todo estuvo bien en general.,es   ,2026-04-20 19:40:47.798 -0500,neutro,1.000
17304,1,13,booking,2026-03-22,La ubicacion es muy buena. igual la puerta no cerraba bien.,es   ,2026-04-20 19:40:47.798 -0500,neutro,0.997
17835,1,13,booking,2025-12-28,Pero la verdad el desayuno no fue lo esperado. Buena relación calidad precio.,es   ,2026-04-20 19:40:47.798 -0500,neutro,0.990
19043,1,13,booking,2026-02-10,La atencion fueexcelente. Demasiado ruido externo.,es   ,2026-04-20 19:40:47.798 -0500,neutro,0.999
18669,1,13,booking,2026-04-18,"Buenas instalaciones en general, la verdad la puerta no cerraba bien.",es   ,2026-04-20 19:40:47.798 -0500,neutro,0.615
21910,1,13,booking,2026-01-01,Limpieza impecable. igual la comida se demoro bastante.,es   ,2026-04-20 19:40:47.798 -0500,neutro,0.990
20895,1,13,booking,2026-04-06,Me gustó el servicio. Falta mantenimiento en algunas areas.,es   ,2026-04-20 19:40:47.798 -0500,neutro,0.999
22137,1,13,booking,2026-01-02,Aunque igual la tv no funcuonaba bien. Muy buena vista desde la habitacion,es   ,2026-04-20 19:40:47.798 -0500,neutro,1.000
17307,1,13,booking,2025-11-24,Pero la verdad la tv no funcionaba bien. El personal fue amable.,es   ,2026-04-20 19:40:47.798 -0500,neutro,0.998
22274,1,13,booking,2026-01-03,"Las camas eran comodas, sin embargo la comida se demoro bastante.",es   ,2026-04-20 19:40:47.798 -0500,neutro,0.998
19965,1,13,booking,2025-11-21,El wifi funcionaba bien. El desayuno no fue lo esperado.,es   ,2026-04-20 19:40:47.798 -0500,neutro,0.957
19475,1,13,booking,2025-11-04,Ambiente tranquilo y agradable. La comida llego fria.,es   ,2026-04-20 19:40:47.798 -0500,neutro,0.614
22004,1,13,booking,2026-04-16,Eso si la cama no era muy comoda. Buen servicio de habitaciones.,es   ,2026-04-20 19:40:47.798 -0500,neutro,1.000
20676,1,13,booking,2026-02-28,Sin embargo no pude dormir bien por el ruido. El parqueaaderro fue util.,es   ,2026-04-20 19:40:47.798 -0500,neutro,0.958
20102,1,13,booking,2025-12-28,Igual el precio era algo elevado para lo que ofrece. Excelente ubicacion cerca a todo.,es   ,2026-04-20 19:40:47.798 -0500,neutro,0.593
19070,1,13,booking,2025-11-09,"La habitacion estaba limpia, sin embargo el servicio fue algo demorado.",es   ,2026-04-20 19:40:47.798 -0500,neutro,1.000
22195,1,13,booking,2026-01-05,Pero la verdad el wifi era muy lento. La ubicación es muy buena.,es   ,2026-04-20 19:40:47.798 -0500,neutro,0.625
20141,1,13,booking,2026-02-14,Pero la verdad hsbia olor raro en la habitacion. La ubicacion es muy buena.,es   ,2026-04-20 19:40:47.798 -0500,neutro,0.996
20619,1,13,booking,2025-10-20,Sin embargo había mucho ruido en la noche y la atención pudo ser mejor. El colchon era comodisimo.,es   ,2026-04-20 19:40:47.798 -0500,neutro,0.676
19033,1,13,booking,2025-12-28,El cuarto era amplio. El personal no fue muy ateento.,es   ,2026-04-20 19:40:47.798 -0500,neutro,0.985
21751,1,13,booking,2025-10-26,Buena ubicacion para moverse por la ciudad. pero habia olor raro en la habitacion.,es   ,2026-04-20 19:40:47.798 -0500,neutro,1.000
19506,1,13,booking,2026-01-11,Eso sí no pude dormir bien por el ruido. Me parecio un hotelmuy completo.,es   ,2026-04-20 19:40:47.798 -0500,neutro,0.999
22389,1,13,booking,2026-02-03,"Muy buena vista desde la habitacion, eso sí el baño estaba algo descuidado.",es   ,2026-04-20 19:40:47.798 -0500,neutro,0.990
19197,1,13,booking,2025-10-10,Las toallas y ropa de cama limpias. pero la verdad demasiado ruido externo y el desayuno nno fue lo esperado,es   ,2026-04-20 19:40:47.798 -0500,neutro,0.999
21994,1,13,booking,2025-12-03,Eso si en recepcion se demorarondemasiado. Las toallas y ropa de cama limpias.,es   ,2026-04-20 19:40:47.798 -0500,neutro,1.000
17371,1,13,booking,2026-02-07,Todo estuvo bien en general. Habia mucho ruido en la noche.,es   ,2026-04-20 19:40:47.798 -0500,neutro,0.999
19509,1,13,booking,2025-10-27,"El restaurante del hotel estuvo rico, sin embargo la limpieza podria mejorar.",es   ,2026-04-20 19:40:47.798 -0500,neutro,1.000
18724,1,13,booking,2025-11-10,"El parqueadero fue util, la verdad la pueeta no cerrabaa bien.",es   ,2026-04-20 19:40:47.798 -0500,neutro,0.953
22009,1,13,booking,2026-04-01,Habitacion espaciosa y limpia. sin embargo demasiado ruido externo y el desayuno no fue lo esperado.,es   ,2026-04-20 19:40:47.798 -0500,neutro,1.000
22469,1,13,booking,2025-11-10,"Me gustó el servicio, la verdad poca variedad en el desaYuno.",es   ,2026-04-20 19:40:47.798 -0500,neutro,0.999
19189,1,13,booking,2026-01-25,El colchon era comodisimo. aunque igual no pude dormir bien por el ruido.,es   ,2026-04-20 19:40:47.798 -0500,neutro,1.000
17657,1,13,booking,2025-11-13,El personal hizo todo lo posible por ayudar. El colchon estaba algoviejo.,es   ,2026-04-20 19:40:47.798 -0500,neutro,0.998
21315,1,13,booking,2025-10-30,Limpieza impecable. La tv no funcionaba bien.,es   ,2026-04-20 19:40:47.798 -0500,neutro,0.610
21425,1,13,booking,2026-01-01,"Excelente ubicación cerca a todo, aunque se escuchabatodo del pasillo y el baño tenía problemas.",es   ,2026-04-20 19:40:47.798 -0500,neutro,1.000
17245,1,13,booking,2025-11-03,Igual había mucho ruido en la noche y la atencion ppudo ser mejor. Muy bonitas las arras comunes.,es   ,2026-04-20 19:40:47.798 -0500,neutro,0.962
18843,1,13,booking,2026-02-03,Habitacipn espaciosa y limpia. La comida se demoro bastante.,es   ,2026-04-20 19:40:47.798 -0500,neutro,0.860
18219,1,13,booking,2025-12-15,El personal superamable y atentto. La puerta no cerraba bien.,es   ,2026-04-20 19:40:47.798 -0500,neutro,0.987
17095,1,13,booking,2025-10-12,La ubicacion es muy buena. El personal no fue muy atento,es   ,2026-04-20 19:40:47.798 -0500,neutro,0.999
21354,1,13,booking,2025-10-27,Buena ubicacion para moverse por la ciudad. El wifi era muy lento.,es   ,2026-04-20 19:40:47.798 -0500,neutro,0.996
18864,1,13,booking,2026-02-16,Aunque en recepcion se demoraron demasiaddo. Las toallas y ropa de cama limpias.,es   ,2026-04-20 19:40:47.798 -0500,neutro,0.969
18984,1,13,booking,2026-01-02,AUnque igual falta mantenimiento en algunas areas. Precio justo por lo que ofrece.,es   ,2026-04-20 19:40:47.798 -0500,neutro,0.993
17787,1,13,booking,2025-11-30,Eso si se escuchaba todo del pasillo y el baño tenía problemas. Lascamas eran cómodas.,es   ,2026-04-20 19:40:47.798 -0500,neutro,1.000
20146,1,13,booking,2025-10-24,El parqueadero fue util. sin embargo la comida llegofria,es   ,2026-04-20 19:40:47.798 -0500,neutro,0.993
19409,1,13,booking,2026-01-28,"Me gusto el servicio, aunque igual el precio era algo elevado para lo que ofrece.",es   ,2026-04-20 19:40:47.798 -0500,neutro,0.998
18021,1,13,booking,2026-01-19,"Cumple con lo que promete, eso sí la cama np era muy comoda.",es   ,2026-04-20 19:40:47.798 -0500,neutro,1.000
18043,1,13,booking,2025-12-04,El personal hizo todo lo posible por ayudar. El baño tenia problemas.,es   ,2026-04-20 19:40:47.798 -0500,neutro,1.000
21925,1,13,booking,2025-10-30,Eso si demasiado ruido externo. Las camas eran comodas.,es   ,2026-04-20 19:40:47.798 -0500,neutro,1.000
19226,1,13,booking,2025-12-26,"El check in fue rapido, pero la verdad se escuchabatodo del pasillo y el bano tenía problemas y el aire acondicionado hacia ruido.",es   ,2026-04-20 19:40:47.798 -0500,neutro,0.998
17479,1,13,booking,2026-02-03,"Muy bienubicado cerca al centro, la verdad el colchon estaba algo viejo.",es   ,2026-04-20 19:40:47.798 -0500,neutro,0.996
17515,1,13,booking,2026-04-18,La verdad no habia agua caliente en la mañana. Me parecio un hotel muy completo.,es   ,2026-04-20 19:40:47.798 -0500,neutro,1.000
21824,1,13,booking,2025-10-26,El restaurante del hotel estuvorico. eso sí las instalaciones estan algo viejas.,es   ,2026-04-20 19:40:47.798 -0500,neutro,0.989
21438,1,13,booking,2025-12-09,Toddoestuvo bien en general. sin embargo la tv no funcionaba bien.,es   ,2026-04-20 19:40:47.798 -0500,neutro,0.994
19085,1,13,booking,2025-12-03,Pero la verdad el colchon estaba algo viejo. La ubicacion es muybuena.,es   ,2026-04-20 19:40:47.798 -0500,neutro,0.978
22079,1,13,booking,2026-01-07,"El cuarto era amplio, igual habia humedad en elll cuarto.",es   ,2026-04-20 19:40:47.798 -0500,neutro,0.985
21917,1,13,booking,2025-10-02,Eso si el precio era algo elevado para lo que ofrece. La recepcion fue muy cordial.,es   ,2026-04-20 19:40:47.798 -0500,neutro,0.626
21198,1,13,booking,2025-10-14,Sin embargo habia olor raro en la habitacion. Las camas eran comodas.,es   ,2026-04-20 19:40:47.798 -0500,neutro,1.000
20809,1,13,booking,2026-03-09,"La ubicacion es muy buena, pero la puerta no cerraba bien.",es   ,2026-04-20 19:40:47.798 -0500,neutro,0.992
21081,1,13,booking,2025-12-12,Eso sí el bañotenia problemas. El wifi funcionaba bien.,es   ,2026-04-20 19:40:47.798 -0500,neutro,1.000
18243,1,13,booking,2026-04-16,"El personal hizo todo lo posibble por ayudar, aunque demasiado ruido externo y el desayuno no fue lo esperado.",es   ,2026-04-20 19:40:47.798 -0500,neutro,1.000
17395,1,13,booking,2026-01-03,"Muy buena vista desde la habitacion, pero la verdad en recepcion se demoraron demasiado.",es   ,2026-04-20 19:40:47.798 -0500,neutro,1.000
18532,1,13,booking,2025-12-08,Me gusto el servicio. la verdad la cama no era muy comoda.,es   ,2026-04-20 19:40:47.798 -0500,neutro,1.000
18008,1,13,booking,2026-02-20,Eso sí poca variedad en el desaYuno. Muy buena vusta desde la habitaccion.,es   ,2026-04-20 19:40:47.798 -0500,neutro,1.000
20028,1,13,booking,2025-12-06,"La ubicaciones muy buena, eso si habia mucho ruido en la noche y la comida se demoroo bastante.",es   ,2026-04-20 19:40:47.798 -0500,neutro,1.000
21493,1,13,booking,2025-12-21,Pero el aire acondicionado hacia ruiDo. El personal hizo todo lo posible por ayudar.,es   ,2026-04-20 19:40:47.798 -0500,neutro,1.000
21591,1,13,booking,2025-12-01,"Ambiente tranquilo y agradable, la verdad demasiado ruido externo.",es   ,2026-04-20 19:40:47.798 -0500,neutro,0.987
20792,1,13,booking,2025-11-10,"Excelente ubicacion cerca a todo, pero el servicio fue algo demorado.",es   ,2026-04-20 19:40:47.798 -0500,neutro,1.000
20415,1,13,booking,2025-12-03,Igual falta mantenimiento en algunas areas. Buenaexperiencia en general lo recomiendo.,es   ,2026-04-20 19:40:47.798 -0500,neutro,0.858
19736,1,13,booking,2026-02-21,Eso si se escuchaba todo del pasillo y en recepción se demoraron demassiado. Todo estuvo bien en general.,es   ,2026-04-20 19:40:47.798 -0500,neutro,1.000
17085,1,13,booking,2026-04-12,Muy buen hotel en general. Problemas conel agua caliente.,es   ,2026-04-20 19:40:47.798 -0500,neutro,0.837
21421,1,13,booking,2026-04-17,"Buena relacioncalidad precio, pero el baño tenia problemas.",es   ,2026-04-20 19:40:47.798 -0500,neutro,0.998
19424,1,13,booking,2025-12-15,Lahabutacion estabba limpia. La comida llego fria.,es   ,2026-04-20 19:40:47.798 -0500,neutro,0.990
17201,1,13,booking,2025-10-13,"La hhabitacionestaba limpia, pero problrmas con el agua caaliente.",es   ,2026-04-20 19:40:47.798 -0500,neutro,1.000
19755,1,13,booking,2026-02-28,Todo estuvo bien en general. Falta mantenimientoen algunas areas.,es   ,2026-04-20 19:40:47.798 -0500,neutro,0.999
21124,1,13,booking,2025-12-15,Me gustó elservicio. Se escuchaba todo del pasillo y el baño tenía problemas.,es   ,2026-04-20 19:40:47.798 -0500,neutro,1.000
19897,1,13,booking,2026-01-20,Eso si la cama no era muy comoda. Limpieza impecable.,es   ,2026-04-20 19:40:47.798 -0500,neutro,1.000
17626,1,13,booking,2026-02-27,Aunque se escuchaba todo del pasillo y el baño tenía problemas. Muy bien ubicado cerca al centro.,es   ,2026-04-20 19:40:47.798 -0500,neutro,1.000
17870,1,13,booking,2025-12-25,"El colchon era comodisimo, sin embargo poca variedad en el desayuno.",es   ,2026-04-20 19:40:47.798 -0500,neutro,1.000
20194,1,13,booking,2026-01-02,Igual el servicio fue algo demorado. Cumple con lo que promete.,es   ,2026-04-20 19:40:47.798 -0500,neutro,0.990
18855,1,13,booking,2026-03-06,Aunque la puerta no cerraba bienn. Buena relacion calidad preecio.,es   ,2026-04-20 19:40:47.798 -0500,neutro,0.863
18827,1,13,booking,2025-12-09,"El cuarto era amplio, aunque el baño tenia problemas.",es   ,2026-04-20 19:40:47.798 -0500,neutro,0.958
19326,1,13,booking,2025-10-25,Me gustó el servicio. El baño estaba algo descuidado.,es   ,2026-04-20 19:40:47.798 -0500,neutro,0.997
20171,1,13,booking,2025-12-07,Muy bien ubicado cerca al centro. Poca variedad en el desayuno.,es   ,2026-04-20 19:40:47.798 -0500,neutro,0.999
21622,1,13,booking,2025-12-07,Sin embargo se escuchaba tododel pasillo y el baño tenía peoblemas. La ubicación es muy buena.,es   ,2026-04-20 19:40:47.798 -0500,neutro,1.000
17824,1,13,booking,2026-01-13,Me guusto el servicio. sin embargo la puerta no cerraba bien.,es   ,2026-04-20 19:40:47.798 -0500,neutro,0.996
18634,1,13,booking,2026-02-06,"La atencion fue excelente, eso si demorado el servicio dde habitaciones.",es   ,2026-04-20 19:40:47.798 -0500,neutro,1.000
21618,1,13,booking,2025-11-21,"El parqueadero fue util, la verdad problemas con el agua caliente.",es   ,2026-04-20 19:40:47.798 -0500,neutro,1.000
18302,1,13,booking,2025-11-11,"La atencion fue excelente, pero la verdad habia mucho ruido en la noche.",es   ,2026-04-20 19:40:47.798 -0500,neutro,1.000
19418,1,13,booking,2025-10-19,El personal hizo todo loposible por ayudar. Poca varirdad en el desayuno.,es   ,2026-04-20 19:40:47.798 -0500,neutro,1.000
21201,1,13,booking,2026-03-02,El cuarto era amplio. sin embargo el personal no fue muy atentoo.,es   ,2026-04-20 19:40:47.798 -0500,neutro,0.997
20353,1,13,booking,2026-02-21,Buena relacion calidad precio. aunque igual se escuchaba todo del pasillo y el baño tenía problemas.,es   ,2026-04-20 19:40:47.798 -0500,neutro,1.000
20550,1,13,booking,2025-11-29,Habitacion espaciosa y limpia. Se escuchaba todo del pasillo y en recepción se demoraron demasiado.,es   ,2026-04-20 19:40:47.798 -0500,neutro,1.000
19510,1,13,booking,2025-11-10,"Me gusto el servicio, sin embargo la limpieza podria mejorar.",es   ,2026-04-20 19:40:47.798 -0500,neutro,0.997
17692,1,13,booking,2026-03-05,El check in fue rapido. igual los muebles estaban algo deteriorados.,es   ,2026-04-20 19:40:47.798 -0500,neutro,1.000
18684,1,13,booking,2025-10-13,"Buena relacion calidad precio, aunque se escuchaba todo del pasillo y en recepción se demoraron demasiado.",es   ,2026-04-20 19:40:47.798 -0500,neutro,1.000
17249,1,13,booking,2025-11-11,"Muy biEn ubicado cerca al centro, eso si elbaño tenia problemas.",es   ,2026-04-20 19:40:47.798 -0500,neutro,1.000
21525,1,13,booking,2025-11-04,La verdad el precio era algo elevado para lo que ofrece. Habutacion espaciosa y limpia.,es   ,2026-04-20 19:40:47.798 -0500,neutro,0.996
20775,1,13,booking,2026-03-27,"Muy buena vista desde la habitaciion, sin embargo el desayuno no fue lo esperado.",es   ,2026-04-20 19:40:47.798 -0500,neutro,0.797
19177,1,13,booking,2025-11-17,"Ambiente tranquilo y agradable, la verdad habia mucho ruido en lanoche.",es   ,2026-04-20 19:40:47.798 -0500,neutro,0.990
20703,1,13,booking,2026-01-05,"El check in fue rapido, aunque igual problemas con el agua calientE.",es   ,2026-04-20 19:40:47.798 -0500,neutro,0.957
18868,1,13,booking,2026-01-25,Igual el wifi era muy lento. El personal super amable y atento.,es   ,2026-04-20 19:40:47.798 -0500,neutro,0.919
18018,1,13,booking,2025-10-17,"Muy bien ubicado cerca al centro, pero habia mucho ruido en la noche.",es   ,2026-04-20 19:40:47.798 -0500,neutro,0.979
17410,1,13,booking,2026-02-22,Aunque no pude dormir bien por el ruido y la comida se demoró bastante. Muy bonitas las areas comunes.,es   ,2026-04-20 19:40:47.798 -0500,neutro,1.000
17229,1,13,booking,2026-03-25,El parqueadero fue util. Los muebles estaban algo deteriorados.,es   ,2026-04-20 19:40:47.798 -0500,neutro,1.000
20391,1,13,booking,2025-10-09,"La habitacion estaba limpia, eso sí demasiado ruido externo.",es   ,2026-04-20 19:40:47.798 -0500,neutro,1.000
19838,1,13,booking,2026-04-05,"Me parecio un hotel muy completo, sin embargo el personal no fue muy atento.",es   ,2026-04-20 19:40:47.798 -0500,neutro,1.000
18461,1,13,booking,2025-12-03,La verdad poca variedad en el desayuno. Limpieza impecable.,es   ,2026-04-20 19:40:47.798 -0500,neutro,1.000
19467,1,13,booking,2026-03-01,"Cumple con lo que promete, la verdad falta mantenimiento en algunas areas.",es   ,2026-04-20 19:40:47.798 -0500,neutro,0.877
18464,1,13,booking,2025-11-23,La verdad se escuchaba todo del pasillo y el baño tenía problemas. El personalfue muy amable.,es   ,2026-04-20 19:40:47.798 -0500,neutro,1.000
17141,1,13,booking,2026-01-17,Aumqur el personal no fue muy atento. Me gusto el servicio.,es   ,2026-04-20 19:40:47.798 -0500,neutro,1.000
19095,1,13,booking,2025-11-10,Eldesayuno estuvo muy rico. eso sí la puerta no cerraba bien y habia olor raro en la habitacion.,es   ,2026-04-20 19:40:47.798 -0500,neutro,1.000
20489,1,13,booking,2026-02-04,Sin embargo el ascenssor tardaba mucho. Muy burnavista desde la habitacion.,es   ,2026-04-20 19:40:47.798 -0500,neutro,0.999
17774,1,13,booking,2025-10-15,Buenas instalaciones en general. aunque en recepcion se demoraron demasiado.,es   ,2026-04-20 19:40:47.798 -0500,neutro,1.000
20694,1,13,booking,2025-11-08,Buema expeeiencia en general lo recomiendo. El baño estaba algo descuidadoo.,es   ,2026-04-20 19:40:47.798 -0500,neutro,0.914
19403,1,13,booking,2026-04-04,Precio justo por lo que ofrece. La comida llego fria.,es   ,2026-04-20 19:40:47.798 -0500,neutro,0.993
20085,1,13,booking,2025-12-23,Ambiente tranquilo y agradable. aunque igual los muebles estaban algo deteriorados.,es   ,2026-04-20 19:40:47.798 -0500,neutro,0.848
17761,1,13,booking,2026-01-20,Excelente ubicacion cerca a todo. No pude dormir bien por el ruido y la comida se demoró bastante.,es   ,2026-04-20 19:40:47.798 -0500,neutro,1.000
22299,1,13,booking,2026-03-08,El psequeadero fue util. La cama no era muy comoda.,es   ,2026-04-20 19:40:47.798 -0500,neutro,0.991
18037,1,13,booking,2025-11-06,Me gustó elserviciio. pero el servicio fue algo demorado.,es   ,2026-04-20 19:40:47.798 -0500,neutro,0.997
20985,1,13,booking,2025-10-27,Sin embargo ek baño tenia problemas. Buena relación calidad precio,es   ,2026-04-20 19:40:47.798 -0500,neutro,0.997
17332,1,13,booking,2026-01-20,Buena relacion calidad precio. El precio era algo elevado para lo que ofrece.,es   ,2026-04-20 19:40:47.798 -0500,neutro,0.994
18130,1,13,booking,2026-01-19,Eso sí no pude dormir bienpor el ruidoo. La habitación estaba limpia.,es   ,2026-04-20 19:40:47.798 -0500,neutro,1.000
21324,1,13,booking,2025-10-14,Muy buena vista desde la habitacion. Habia olor raro en la habitacion.,es   ,2026-04-20 19:40:47.798 -0500,neutro,0.998
20838,1,13,booking,2026-03-11,Ambiente tranquilo y agradable. La cama np era muy comoda.,es   ,2026-04-20 19:40:47.798 -0500,neutro,0.579
20513,1,13,booking,2026-04-09,Muy buena vista desde la habitacion. El ascensor tardabamucho.,es   ,2026-04-20 19:40:47.798 -0500,neutro,0.637
17348,1,13,booking,2026-04-12,Excelente ubicación cerca a todo. eso si los muebles estaban algo deteriorados.,es   ,2026-04-20 19:40:47.798 -0500,neutro,0.993
22021,1,13,booking,2026-01-08,"El checkk in fuue rapido, sin embargo la comida se demoro bastante.",es   ,2026-04-20 19:40:47.798 -0500,neutro,0.975
20414,1,13,booking,2025-10-22,Pero la verdad no pUde dormir bien por el rruido. Muy buena vista desde la habitacion,es   ,2026-04-20 19:40:47.798 -0500,neutro,0.999
18881,1,13,booking,2026-02-27,"Ambiente tranquilo y agradable, la verdad demasiado ruido externo y el desayuno nofue lo esperaddo.",es   ,2026-04-20 19:40:47.798 -0500,neutro,0.999
22378,1,13,booking,2025-12-04,"Excelente ubicación cerca a todo, pero problemas con el agua caliente.",es   ,2026-04-20 19:40:47.798 -0500,neutro,0.865
21771,1,13,booking,2026-03-12,El personal fue muy amable. sin embargo demorado el servicio de habitaciones.,es   ,2026-04-20 19:40:47.798 -0500,neutro,0.995
20019,1,13,booking,2025-11-16,Pero demasiado ruido externo yel desayuno no fue lo esperado. Ls recepcion fue muy coorrdial.,es   ,2026-04-20 19:40:47.798 -0500,neutro,0.990
17208,1,13,booking,2026-01-24,El restaurante del hotel estuvo rico. El desayuno no fue lo esperado,es   ,2026-04-20 19:40:47.798 -0500,neutro,0.999
18067,1,13,booking,2025-10-02,Igual la comida se demoro bastante. Ambiente tranquilo y agradable.,es   ,2026-04-20 19:40:47.798 -0500,neutro,0.994
22017,1,13,booking,2026-03-06,Igual el precio era algo elevado para lo que ofrece. La piscina estaba muy bien.,es   ,2026-04-20 19:40:47.798 -0500,neutro,0.819
18702,1,13,booking,2026-02-25,Buena relacion calidad precio. El ascensor tardaba mucho.,es   ,2026-04-20 19:40:47.798 -0500,neutro,0.888
22482,1,13,booking,2025-12-10,Las camas eran comodas. sin embargo el personall no fue muy atento.,es   ,2026-04-20 19:40:47.798 -0500,neutro,0.999
20348,1,13,booking,2026-02-03,Eso si el precio era algo elevafo para lo que oofrece. Las camas eran cómodas.,es   ,2026-04-20 19:40:47.798 -0500,neutro,0.996
21215,1,13,booking,2026-02-04,"Muy bien ubicado cerca al centro, aunque igual el aire acondicionado haciaa ruido.",es   ,2026-04-20 19:40:47.798 -0500,neutro,0.997
22339,1,13,booking,2026-03-10,"El desayuno estuvo muy rico, la verdad el servicio fue algo demorado",es   ,2026-04-20 19:40:47.798 -0500,neutro,0.999
20650,1,13,booking,2026-04-02,Las toallas y ropa de cama limpias. El colchon estaba algo viejo.,es   ,2026-04-20 19:40:47.798 -0500,neutro,0.823
18419,1,13,booking,2026-03-08,La ubicación es muy buena. sin embargo habia olor raro en la habitacion.,es   ,2026-04-20 19:40:47.798 -0500,neutro,1.000
17344,1,13,booking,2026-03-11,Pero ls verdad el serviciofue algo demorado. Muy buen hotel en general.,es   ,2026-04-20 19:40:47.798 -0500,neutro,1.000
20753,1,13,booking,2025-12-15,Pero demasiado ruido externo y el desayuno no fue lo esperado. Buena relacion calidad precio.,es   ,2026-04-20 19:40:47.798 -0500,neutro,0.998
20011,1,13,booking,2025-10-05,"Todo estuvo bien en general, pero el colchon estaba algo viejo.",es   ,2026-04-20 19:40:47.798 -0500,neutro,0.783
17246,1,13,booking,2026-02-20,"Habitacion espaciosa y limpia, eso sí poca variedad en el desayuno.",es   ,2026-04-20 19:40:47.798 -0500,neutro,0.999
21731,1,13,booking,2026-02-08,La verdad los muebles estaban algo deteriorados. El check in fue rapido.,es   ,2026-04-20 19:40:47.798 -0500,neutro,1.000
17064,1,13,booking,2026-03-10,El personal fue amable. pero la puerta no cerrabaa bien.,es   ,2026-04-20 19:40:47.798 -0500,neutro,0.469
17759,1,13,booking,2025-12-13,Pero la comida se demoro bastantte. Buena relación calidad prrecio.,es   ,2026-04-20 19:40:47.798 -0500,neutro,0.720
17905,1,13,booking,2026-01-18,"Cumple con lo que promete, aunque igual habia mucho ruido en la noche.",es   ,2026-04-20 19:40:47.798 -0500,neutro,0.998
20665,1,13,booking,2025-12-18,La ubicación es muy buena. Se escuchaba todo del pasillo y el baño tenía problemas.,es   ,2026-04-20 19:40:47.798 -0500,neutro,0.999
18582,1,13,booking,2025-12-19,Me gusto el servicio. pero laverdad falta mantenimiento en algunas areas.,es   ,2026-04-20 19:40:47.798 -0500,neutro,1.000
20481,1,13,booking,2025-11-25,Aunque igual en recepcipn se demoraron demasiado. El personal hizo todo lo posible por ayudar.,es   ,2026-04-20 19:40:47.798 -0500,neutro,1.000
21033,1,13,booking,2026-04-01,Buena ubicacion para moverse por la ciudad. aunque igual el servicio fue algo demorado.,es   ,2026-04-20 19:40:47.798 -0500,neutro,0.864
21607,1,13,booking,2025-12-12,El desayunoestuvo muy rico. Falta mantenimiento en algunas areas.,es   ,2026-04-20 19:40:47.798 -0500,neutro,1.000
17670,1,13,booking,2025-12-04,Igual habia mucho ruido en la noche y lla atención pudo ser mejor. La recepcion fue muy cordial.,es   ,2026-04-20 19:40:47.798 -0500,neutro,0.835
21844,1,13,booking,2026-01-19,Pero la verdad los muebles estaban algo deteriorados. Las camas eran comodaaas.,es   ,2026-04-20 19:40:47.798 -0500,neutro,0.996
17328,1,13,booking,2026-04-14,"Precio justo por lo que ofrece, eso sí había mucho ruido en la noche y la atención pudo ser mejor",es   ,2026-04-20 19:40:47.798 -0500,neutro,0.942
20496,1,13,booking,2026-03-05,El restaurante del hotel estuvo rico. Ka puerta no cerraba bien.,es   ,2026-04-20 19:40:47.798 -0500,neutro,0.966
19676,1,13,booking,2026-01-03,Lastoallas y ropa de cama limpias. igual la puerta nocerraba bien.,es   ,2026-04-20 19:40:47.798 -0500,neutro,0.963
21804,1,13,booking,2026-02-08,Ambiente tranquilo y agradable. El personal no fue muy atento,es   ,2026-04-20 19:40:47.798 -0500,neutro,1.000
21015,1,13,booking,2025-12-14,La ubicacion es muy buena. aunque igual no pude dormir bien por el ruido.,es   ,2026-04-20 19:40:47.798 -0500,neutro,0.987
19352,1,13,booking,2026-01-06,Excelente ubicación ceerca a todo. Se escuchaba todo del pasillo y en recepción se demoraron demasiado.,es   ,2026-04-20 19:40:47.798 -0500,neutro,1.000
19208,1,13,booking,2025-12-17,Excelente ubicación cercaa todo. El sservicio fuealgo demorado.,es   ,2026-04-20 19:40:47.798 -0500,neutro,0.992
18561,1,13,booking,2026-01-16,Las toallas y ropa de cama limpias. No pude dormir bien por el ruido.,es   ,2026-04-20 19:40:47.798 -0500,neutro,0.950
22331,1,13,booking,2026-03-26,Muy buen hotel en general. El colchon estaba algo viejo.,es   ,2026-04-20 19:40:47.798 -0500,neutro,0.690
20442,1,13,booking,2026-04-02,Buena ubicacion para moverse por la ciudad. Demorado el servicio de habitaciones.,es   ,2026-04-20 19:40:47.798 -0500,neutro,1.000
21150,1,13,booking,2026-01-11,"La piscina estaba muy bien, eso sí el bano tenia problemas.",es   ,2026-04-20 19:40:47.798 -0500,neutro,0.999
17646,1,13,booking,2025-10-21,"El personal hizo todo lo posible por ayudar, sin embargo el preciio era algo elevado para lo que ofrece.",es   ,2026-04-20 19:40:47.798 -0500,neutro,0.864
18104,1,13,booking,2025-10-25,Aunque igual demasiado ruido externo y la limpieza podria mejorar. La piscina estaba muy bien.,es   ,2026-04-20 19:40:47.798 -0500,neutro,0.996
20453,1,13,booking,2025-11-19,Buen servicio de habitaciones. eso si no pude dormir bien por el ruido.,es   ,2026-04-20 19:40:47.798 -0500,neutro,1.000
18178,1,13,booking,2025-12-11,El check in fue rapido. El colchon estaba algo viejo.,es   ,2026-04-20 19:40:47.798 -0500,neutro,0.989
19080,1,13,booking,2025-10-25,Pero la verdad la comida se demoro bastante. Buena relación calidaad precio.,es   ,2026-04-20 19:40:47.798 -0500,neutro,1.000
19415,1,13,booking,2025-10-11,Buenas instalaciones en general. aunque igual la cama no era muy comoda.,es   ,2026-04-20 19:40:47.798 -0500,neutro,0.994
19660,1,13,booking,2026-01-24,La verdad la cama no rra muy comoda. Muy buena vista desde la habitacion.,es   ,2026-04-20 19:40:47.798 -0500,neutro,0.642
21071,1,13,booking,2025-10-08,El personal hizo todo lo posible por ayudar. Demasiado ruido externo y el desayuno no fue lo esperado.,es   ,2026-04-20 19:40:47.798 -0500,neutro,0.773
17962,1,13,booking,2026-01-05,"La ubicación es muy buena, la verdad habia mucho ruido en la noche.",es   ,2026-04-20 19:40:47.798 -0500,neutro,0.942
20655,1,13,booking,2025-10-29,"Muy buen hotel en general, igual la puerta no cerraba bien.",es   ,2026-04-20 19:40:47.798 -0500,neutro,0.995
20780,1,13,booking,2025-10-26,"Buena ubicacion para moverse por la ciudad, aunque igual no pude dormir bien por el ruido.",es   ,2026-04-20 19:40:47.798 -0500,neutro,0.892
21280,1,13,booking,2026-01-04,El colchon era comodisimo. la verdad la comida se demoro bastante.,es   ,2026-04-20 19:40:47.798 -0500,neutro,1.000
18775,1,13,booking,2025-10-01,Me gustoel servucio. El wifi era muy lento.,es   ,2026-04-20 19:40:47.798 -0500,neutro,1.000
20001,1,13,booking,2026-02-16,Precio justo por llo que ofrece. El parqueadero era muy pequeño.,es   ,2026-04-20 19:40:47.798 -0500,neutro,0.954
21907,1,13,booking,2026-02-08,"Las toallas y ropa de cama limpias, aunque igual el aire acondicionado haciaa ruido.",es   ,2026-04-20 19:40:47.798 -0500,neutro,0.903
20031,1,13,booking,2026-02-26,Eso si la cama no era muy comoda. La puscina estaba muy bien.,es   ,2026-04-20 19:40:47.798 -0500,neutro,1.000
19926,1,13,booking,2026-03-24,Pero la verdad se escuchaba todo del pasillo y en recepción se demoraron demasiado. Todo estuvo bIen en general.,es   ,2026-04-20 19:40:47.798 -0500,neutro,1.000
17800,1,13,booking,2026-04-11,Muy buen hotel en general. igual la cama no era muy comoda.,es   ,2026-04-20 19:40:47.798 -0500,neutro,0.947
21340,1,13,booking,2025-12-31,La recepcion fue muy cordial. Se escuchaba todo del pasillo y en recepción se demoraron demasiado.,es   ,2026-04-20 19:40:47.798 -0500,neutro,1.000
21052,1,13,booking,2025-11-30,La piscina estaba muy bien. sin embargo el colchon estaba algo viejo.,es   ,2026-04-20 19:40:47.798 -0500,neutro,0.971
17546,1,13,booking,2025-10-15,Me guusto el servicio. Se escuchaba todo dek pasillo.,es   ,2026-04-20 19:40:47.798 -0500,neutro,1.000
20299,1,13,booking,2026-01-20,Pero la verdad el desayuno no fue lo esperado. La ubicación es muy buena.,es   ,2026-04-20 19:40:47.798 -0500,neutro,0.999
17621,1,13,booking,2025-12-09,Buenservicio de habitaciones. aunque igual la cama no era muy comoda.,es   ,2026-04-20 19:40:47.798 -0500,neutro,0.898
17313,1,13,booking,2026-03-16,Sin embargo la comida llego friaa. La piscina estaba muy bien.,es   ,2026-04-20 19:40:47.798 -0500,neutro,0.948
21909,1,13,booking,2025-10-26,El restsuraante del hotel estuvo rico. Los mueblesestaban algo deteriorados.,es   ,2026-04-20 19:40:47.798 -0500,neutro,1.000
17448,1,13,booking,2026-04-11,Cumple con lo que promete. Poca variedad en el desayuno.,es   ,2026-04-20 19:40:47.798 -0500,neutro,0.696
17045,1,13,booking,2026-03-06,El wifi funcionaba bien. igual habia humedad en el cuarto.,es   ,2026-04-20 19:40:47.798 -0500,neutro,0.819
20285,1,13,booking,2026-02-23,"Muy burna vista desde la habitacion, igual la tv no funcionaba bbienn.",es   ,2026-04-20 19:40:47.798 -0500,neutro,0.765
18473,1,13,booking,2026-03-27,Aunque igual el cuarto era muypequeno. Buenas instalaciones en general.,es   ,2026-04-20 19:40:47.798 -0500,neutro,0.872
20226,1,13,booking,2026-04-06,La verdad demasiado ruido externo. Las toallas y ropa de cama limpias.,es   ,2026-04-20 19:40:47.798 -0500,neutro,0.884
20378,1,13,booking,2025-12-09,Eso si demasiado ruido externo y el desayuno no fue lo esperado. Larecepcion fue muy cordial.,es   ,2026-04-20 19:40:47.798 -0500,neutro,1.000
21270,1,13,booking,2026-02-25,Buen servicio de habitaciones. El personal no fue muy atento.,es   ,2026-04-20 19:40:47.798 -0500,neutro,0.997
19057,1,13,booking,2026-02-04,"La atencion fue excelente, la verdad la tv no funcionaba bien.",es   ,2026-04-20 19:40:47.798 -0500,neutro,0.997
18289,1,13,booking,2026-03-28,Sin embargo problemas con el agua caliiente. Todo estuvo bien en general.,es   ,2026-04-20 19:40:47.798 -0500,neutro,1.000
17108,1,13,booking,2026-04-07,"Ambiente tranquilo y agradable, pero la verdad el baño tenia problemas.",es   ,2026-04-20 19:40:47.798 -0500,neutro,0.957
22168,1,13,booking,2026-01-19,Igual poca variedad en el desayuno. El parqueadero fue util.,es   ,2026-04-20 19:40:47.798 -0500,neutro,1.000
19036,1,13,booking,2026-03-17,"El desayuno estuvo muy rico, igual el precip era algo elevado para lo que ofrrece.",es   ,2026-04-20 19:40:47.798 -0500,neutro,0.966
20339,1,13,booking,2025-12-25,La ubicacipn es muy buena. El desayuno no fue lo espeeado.,es   ,2026-04-20 19:40:47.798 -0500,neutro,0.688
18919,1,13,booking,2026-03-13,"El wifi funcionaba bien, pero demorado el servicio de habitaciones.",es   ,2026-04-20 19:40:47.798 -0500,neutro,0.494
21362,1,13,booking,2025-11-08,Ambiente tranquilo y agradable. sin embargo se escuchaba todo del pasillo.,es   ,2026-04-20 19:40:47.798 -0500,neutro,0.823
21321,1,13,booking,2026-02-28,"Buen servicio de habitacioones, pero el aire acondicionado hacia ruido.",es   ,2026-04-20 19:40:47.798 -0500,neutro,1.000
18270,1,13,booking,2025-10-04,"El wifi funcionaba bien, eso si el baño estaba algo descuidado.",es   ,2026-04-20 19:40:47.798 -0500,neutro,0.992
21520,1,13,booking,2025-11-17,El personal hizo ttodo lo posible por ayudar. El desayuno no fue lo esperado.,es   ,2026-04-20 19:40:47.798 -0500,neutro,0.998
18663,1,13,booking,2025-12-18,El wifi funcionaba bien. eso si habia mucho ruido en la noche.,es   ,2026-04-20 19:40:47.798 -0500,neutro,0.976
21766,1,13,booking,2026-02-25,Sin embargo poca variedad en el desayuno. La habitacion estabba limpia,es   ,2026-04-20 19:40:47.798 -0500,neutro,0.999
18771,1,13,booking,2025-10-10,"Muy bonitas las areas comunes, sin embargo no pude dormir bien por el ruido y la comida se demoró bastante.",es   ,2026-04-20 19:40:47.798 -0500,neutro,0.998
20800,1,13,booking,2025-10-05,Sin embargo el aire acondicionado hacia ruido. Habitacion espaciosa y limpia.,es   ,2026-04-20 19:40:47.798 -0500,neutro,0.999
19677,1,13,booking,2025-10-08,El parqueadero fue util. Se escuchaba todo del pasillo y en recepción se demoraron demasiado.,es   ,2026-04-20 19:40:47.798 -0500,neutro,1.000
21696,1,13,booking,2025-11-10,La habitación estaba limpia. Falta mantenimiento en algunas aeeas,es   ,2026-04-20 19:40:47.798 -0500,neutro,0.998
21098,1,13,booking,2025-10-23,"Buenas instalaciones en general, sin embargo se escuchaba todo del pasillo y en recepción se demoraron demasiado.",es   ,2026-04-20 19:40:47.798 -0500,neutro,1.000
18649,1,13,booking,2026-01-17,"Cumple con lo que promete, eso si el wifi era muy lento",es   ,2026-04-20 19:40:47.798 -0500,neutro,0.854
17752,1,13,booking,2025-10-16,La atencion fue excelente. La tv no funcionaba bien.,es   ,2026-04-20 19:40:47.798 -0500,neutro,0.986
21379,1,13,booking,2026-02-04,"La recepcion fue muy cordial, aunque igual la cama no era muy comoda.",es   ,2026-04-20 19:40:47.798 -0500,neutro,0.587
21322,1,13,booking,2026-03-22,Pero la tv no funcionaba bien. El colchon era comodisimo.,es   ,2026-04-20 19:40:47.798 -0500,neutro,0.517
17260,1,13,booking,2025-11-08,Pero la verdad el colchon estaba algo viejo. Buen servicio de habitaciones.,es   ,2026-04-20 19:40:47.798 -0500,neutro,0.999
22284,1,13,booking,2026-01-28,El personal hizo todo lo possible por ayudar. La comida llego fria.,es   ,2026-04-20 19:40:47.798 -0500,neutro,1.000
19154,1,13,booking,2025-11-02,Las camas eran cómodas. sin embargo no habia agua calirnte en la mañana.,es   ,2026-04-20 19:40:47.798 -0500,neutro,1.000
22090,1,13,booking,2026-03-24,La verdad demasiado ruido externo y el desayuno no fue lo esperado. Todo estuvo bien en general.,es   ,2026-04-20 19:40:47.798 -0500,neutro,0.995
22432,1,13,booking,2026-02-10,Buen servicio de habitaciones. pero la verdad el desayuno no fue lo esperado.,es   ,2026-04-20 19:40:47.798 -0500,neutro,0.994
19460,1,13,booking,2025-11-18,El wifi funcionaba bien. aunque igual las instalaciones estan algo viejas.,es   ,2026-04-20 19:40:47.798 -0500,neutro,0.991
21702,1,13,booking,2026-03-17,Me gustó el servicio. aunque el precio era algo elevado para lo que ofrece.,es   ,2026-04-20 19:40:47.798 -0500,neutro,0.980
17730,1,13,booking,2025-12-19,Muy burn hotel en general. Se escuchsba todo del pasillo y en recepción se demoraron demasiado.,es   ,2026-04-20 19:40:47.798 -0500,neutro,0.988
22087,1,13,booking,2025-10-29,El personal hizo todo lo posible por ayudar. Problemas con el agua caliente.,es   ,2026-04-20 19:40:47.798 -0500,neutro,0.557
20956,1,13,booking,2025-12-30,"La habitacion estaba limpia, pero la verdad demorado el servicio de habitaciones.",es   ,2026-04-20 19:40:47.798 -0500,neutro,0.560
18196,1,13,booking,2026-04-12,Me gusto el servicio. Falta mantenimiento en algunas areas.,es   ,2026-04-20 19:40:47.798 -0500,neutro,1.000
18253,1,13,booking,2025-12-13,"Buena relacion calidad precio, eso sí habia humedad en el cuarto.",es   ,2026-04-20 19:40:47.798 -0500,neutro,0.911
20437,1,13,booking,2026-02-24,Buena ubicacionpara moverse por la ciudad. eso sí el desayuno no fue lo esperado.,es   ,2026-04-20 19:40:47.798 -0500,neutro,1.000
20296,1,13,booking,2025-10-18,"Muy buena vista desde la habitacion, pero la verdad falta mantenimiento en algunas areas.",es   ,2026-04-20 19:40:47.798 -0500,neutro,1.000
21472,1,13,booking,2026-01-31,Pero la verdad falta mantenimiento en algunas areas. Buena ubicacion para moverse por la ciudad.,es   ,2026-04-20 19:40:47.798 -0500,neutro,1.000
19802,1,13,booking,2026-02-09,"La habitacion estaba limpia, pero la atencion pudo ser mejor.",es   ,2026-04-20 19:40:47.798 -0500,neutro,0.524
21192,1,13,booking,2026-04-13,Pero elbaño estaba algo descuidado. Me gusto el servicio,es   ,2026-04-20 19:40:47.798 -0500,neutro,1.000
17974,1,13,booking,2025-11-22,Habitacion espaciosa y limpia. En recepcion se demoraron demasiado.,es   ,2026-04-20 19:40:47.798 -0500,neutro,0.718
18418,1,13,booking,2025-12-19,La recepcion fuemuy coordial. El precio era algo elevado para lo que ofrece.,es   ,2026-04-20 19:40:47.798 -0500,neutro,1.000
17521,1,13,booking,2025-11-30,"El cuarto era amplio, eso sí la atencion pudo ser mejor.",es   ,2026-04-20 19:40:47.798 -0500,neutro,0.601
21002,1,13,booking,2025-12-15,Eso si el baño estaba algo descuidado. Muy bonitas las areas comunes.,es   ,2026-04-20 19:40:47.798 -0500,neutro,0.987
18856,1,13,booking,2026-02-25,El restaurante del hotel estuvo rico. pero la verdad las instalaciones estan algo viejas.,es   ,2026-04-20 19:40:47.798 -0500,neutro,1.000
20981,1,13,booking,2025-12-17,"La atencion fue excelente, aunque no pude dormir bien por el ruido y la comida se demoró bastante",es   ,2026-04-20 19:40:47.798 -0500,neutro,1.000
18553,1,13,booking,2026-02-25,Eso si se escuchaba todo del pasillo y en recepción se demoraron demasiado. Las camas eran comodas.,es   ,2026-04-20 19:40:47.798 -0500,neutro,1.000
19860,1,13,booking,2025-12-31,"Las toallas y ropa de cama limpias, sin embargo no habia agua caliEnte enla mañana.",es   ,2026-04-20 19:40:47.798 -0500,neutro,0.982
20421,1,13,booking,2026-02-18,Las camas eran comodass. No pude dormir bien por el ruido y la comida se demoró bastante.,es   ,2026-04-20 19:40:47.798 -0500,neutro,0.811
21106,1,13,booking,2026-03-25,Cumple con lo que promete. Demorado el servicio de habitaciones,es   ,2026-04-20 19:40:47.798 -0500,neutro,0.770
19482,1,13,booking,2025-10-08,Las camas eran comodas. El desayuno no fue lo esperado.,es   ,2026-04-20 19:40:47.798 -0500,neutro,0.544
18161,1,13,booking,2026-03-31,Sin embargo el personal no fue muy atento. Buena experiencia en general lo recomiendo.,es   ,2026-04-20 19:40:47.798 -0500,neutro,1.000
22044,1,13,booking,2025-11-01,Aunque los mueblesestaban algo deteriorados. El personal fue muy amable.,es   ,2026-04-20 19:40:47.798 -0500,neutro,0.994
20284,1,13,booking,2025-10-29,Precio justo por lo que ofrece. eso sí la comida se demoro bastante.,es   ,2026-04-20 19:40:47.798 -0500,neutro,0.988
20290,1,13,booking,2025-10-04,"Todoestuvo bien en general, igual la puerta no cerraba bien.",es   ,2026-04-20 19:40:47.798 -0500,neutro,0.937
17566,1,13,booking,2026-02-26,Me gusto el servicio. pero habia humedad en el cuarto.,es   ,2026-04-20 19:40:47.798 -0500,neutro,1.000
20988,1,13,booking,2026-03-22,Eso sí poca variedad en el desayuno. Todo estuvo bien en general.,es   ,2026-04-20 19:40:47.798 -0500,neutro,1.000
20302,1,13,booking,2026-03-03,Aunque el precio era algo elevado para lo que ofrece. Buena ubicacion para moverse por la ciudad.,es   ,2026-04-20 19:40:47.798 -0500,neutro,0.990
20869,1,13,booking,2026-04-08,La ubicación es muy buena. El precio era algo elevado paraa lo que ofrece.,es   ,2026-04-20 19:40:47.798 -0500,neutro,0.771
21399,1,13,booking,2026-01-15,Pero no habia agua caliente en la mañana. Muy buena vista desde la habitacion.,es   ,2026-04-20 19:40:47.798 -0500,neutro,0.849
17436,1,13,booking,2026-01-09,"Excelente ubicacion cerca a todo, eso sí falta mantenimiento en algunas aReas",es   ,2026-04-20 19:40:47.798 -0500,neutro,1.000
21861,1,13,booking,2025-11-27,"Burna ubicacion para moverse por la ciudad, eso si demasiado ruido externo y el desayuno no fue lo esperado.",es   ,2026-04-20 19:40:47.798 -0500,neutro,0.742
21652,1,13,booking,2025-10-25,Sin embargo el servicio fue algo demorado. La ubicación es muy buena.,es   ,2026-04-20 19:40:47.798 -0500,neutro,0.966
22153,1,13,booking,2025-12-03,Buen servicio de habitaciones. sin embargo el aire acondicionado hacia ruido.,es   ,2026-04-20 19:40:47.798 -0500,neutro,0.998
19632,1,13,booking,2025-10-16,El personal fue amable. la verdad se escuchaba todo del pasillo y en recepción se demoraron demasiado.,es   ,2026-04-20 19:40:47.798 -0500,neutro,0.894
18416,1,13,booking,2025-11-10,"Elpersonal fue muy amable, la verdad la tv no funcionaba bien.",es   ,2026-04-20 19:40:47.798 -0500,neutro,1.000
21229,1,13,booking,2026-03-09,Todo estuvo bien en general. pero el baño estaba algo descuidado.,es   ,2026-04-20 19:40:47.798 -0500,neutro,0.987
22098,1,13,booking,2025-11-25,"Me gusto el servicio, aunque igual la comida llego friaa.",es   ,2026-04-20 19:40:47.798 -0500,neutro,0.561
18776,1,13,booking,2025-10-31,Muy bonitas las areas comunes. aunque igual no pudr dormir bien por ek ruido.,es   ,2026-04-20 19:40:47.798 -0500,neutro,0.999
19380,1,13,booking,2026-01-06,"Muy bonitas las areas comunes, aunque se escuchaba toDo del pasillo y el baño ttenia problemas.",es   ,2026-04-20 19:40:47.798 -0500,neutro,1.000
17394,1,13,booking,2026-04-18,"Todo estuvo bien en general, igual el servicio fue algo demorado.",es   ,2026-04-20 19:40:47.798 -0500,neutro,0.936
18149,1,13,booking,2025-11-14,La atencion fue excelentee. eso sí demasiado ruido externO.,es   ,2026-04-20 19:40:47.798 -0500,neutro,0.680
21062,1,13,booking,2026-03-20,El persoonal fue amable. la verdad el ascensor tardaba mucho.,es   ,2026-04-20 19:40:47.798 -0500,neutro,0.597
20582,1,13,booking,2026-04-14,"El colchon eea comodisimo, pero habia mucho ruido en la noche.",es   ,2026-04-20 19:40:47.798 -0500,neutro,0.995
18336,1,13,booking,2026-03-23,Limpieza impecable. pero el personal no fue muy atento.,es   ,2026-04-20 19:40:47.798 -0500,neutro,1.000
17982,1,13,booking,2026-03-11,Muy buena vista desde la habitacion. pero el desayuno no fue lo esperado.,es   ,2026-04-20 19:40:47.798 -0500,neutro,1.000
17066,1,13,booking,2026-01-27,"Muy bonitas las areas comunes, pero la tv no funcionaba bien.",es   ,2026-04-20 19:40:47.798 -0500,neutro,0.809
17580,1,13,booking,2026-01-25,Eso si el baño estaba algo descuidado. Me parecio un hotel muy completo.,es   ,2026-04-20 19:40:47.798 -0500,neutro,0.999
20252,1,13,booking,2025-10-01,"El personal hizo todo lo posible por ayudar, aunque la comida llego fria.",es   ,2026-04-20 19:40:47.798 -0500,neutro,0.990
18551,1,13,booking,2026-03-07,Aunque igual demasiado ruido externo. Precio justo por lo que ofrece,es   ,2026-04-20 19:40:47.798 -0500,neutro,0.969
20223,1,13,booking,2025-11-29,"Muy bonitas las areas comunes, la verdad el precio era algo elevado para lo que ofrece.",es   ,2026-04-20 19:40:47.798 -0500,neutro,0.783
18109,1,13,booking,2025-10-17,Las camas eran comodas. En recepcion se demoraron demasiado y el colchon estaba algo viejo.,es   ,2026-04-20 19:40:47.798 -0500,neutro,1.000
18048,1,13,booking,2025-11-11,Excelenteubicacion cerca a todo. pero la verdad el baño estaba algodescuidado.,es   ,2026-04-20 19:40:47.798 -0500,neutro,0.988
17173,1,13,booking,2026-03-24,"Las camas eran cómodas, igual los muebles estaban algo deteriorados.",es   ,2026-04-20 19:40:47.798 -0500,neutro,0.937
18465,1,13,booking,2025-11-03,Aunque igual problemas con elagua caliente. Habitacion espaciosa y limpia.,es   ,2026-04-20 19:40:47.798 -0500,neutro,0.804
17815,1,13,booking,2025-12-13,Aunque igual problemas con el agua calliente. Excelente ubicación cerca a todo.,es   ,2026-04-20 19:40:47.798 -0500,neutro,0.593
22474,1,13,booking,2026-01-06,Muy bien ubicado cerca al centro. Habia olor raro en la habitacion.,es   ,2026-04-20 19:40:47.798 -0500,neutro,1.000
19754,1,13,booking,2026-01-30,La habitacion estaba limpia. aunque se escuchaba todo del pasillo yy el baño tenía problemas.,es   ,2026-04-20 19:40:47.798 -0500,neutro,1.000
21089,1,13,booking,2026-02-24,La atencion fue excelente. Se escuchaba todo del pasillo y en recepción se demoraron demasiado.,es   ,2026-04-20 19:40:47.798 -0500,neutro,1.000
20033,1,13,booking,2026-02-16,Tpdo estuvo bien en general. pero la verdad habia mucho ruido en la nochee.,es   ,2026-04-20 19:40:47.798 -0500,neutro,1.000
20136,1,13,booking,2026-04-12,"Ambiente tranquilo y agradable, la verdad el colchon estaba algo viejo.",es   ,2026-04-20 19:40:47.798 -0500,neutro,0.990
22285,1,13,booking,2026-03-14,Aunque la cama no eramuy comoda. El parqueadero fue util.,es   ,2026-04-20 19:40:47.798 -0500,neutro,0.811
22480,1,13,booking,2025-10-04,"Muy bien ubicado cerca al centro, igual el colchon estaba algo viejo.",es   ,2026-04-20 19:40:47.798 -0500,neutro,0.526
20140,1,13,booking,2026-03-07,El parqueadero fue util. El servicio fue algo demorado.,es   ,2026-04-20 19:40:47.798 -0500,neutro,0.999
20307,1,13,booking,2026-03-19,"Buena relacion calidad preccio, eso si demasiado ruido externo y el desayuno no fue lo esperado.",es   ,2026-04-20 19:40:47.798 -0500,neutro,1.000
20942,1,13,booking,2025-10-19,Eso si se escuchaba todo del pasillo y en recepción se demoraron demasiado. La ubicacion es muy buena.,es   ,2026-04-20 19:40:47.798 -0500,neutro,1.000
18672,1,13,booking,2026-01-21,"Buenas instalaciones en general, igual la comida llego fria.",es   ,2026-04-20 19:40:47.798 -0500,neutro,1.000
21515,1,13,booking,2026-04-16,La atencion fue excelente. aunque el baño estaba algo descuidado.,es   ,2026-04-20 19:40:47.798 -0500,neutro,0.902
20068,1,13,booking,2026-03-29,"Buena ubicacion para moverse por la ciudad, la verdad había mucho ruido en la noche y la atención pudo ser mejor y el aire acondicionado haccia ruido.",es   ,2026-04-20 19:40:47.798 -0500,neutro,0.986
18790,1,13,booking,2025-11-26,Muy bien ubicado cerca al centro. aunque la tv no funcionaba bien.,es   ,2026-04-20 19:40:47.798 -0500,neutro,0.596
17573,1,13,booking,2026-03-08,"Me gusto el servicio, pero se escuchaba todo del pasillo y en recepción se demoraron demasiado.",es   ,2026-04-20 19:40:47.798 -0500,neutro,1.000
20388,1,13,booking,2026-02-13,"Las toallas y ropa de cama limpias, sin embargo el parqueadero era muy pequeño.",es   ,2026-04-20 19:40:47.798 -0500,neutro,0.611
19557,1,13,booking,2026-02-19,El personal fue muy amable. la verdad no habia agua caliente en la mañana.,es   ,2026-04-20 19:40:47.798 -0500,neutro,0.656
17857,1,13,booking,2025-11-20,Eso si la comida se demoro bastante. El cuarto era amplio.,es   ,2026-04-20 19:40:47.798 -0500,neutro,1.000
21127,1,13,booking,2026-03-26,Buena experiencia en general lo recomiendo. El desayuno no fue lo esperado.,es   ,2026-04-20 19:40:47.798 -0500,neutro,0.950
20089,1,13,booking,2025-11-27,Aunque demasiado ruido externo. Buena relacion calidad precio.,es   ,2026-04-20 19:40:47.798 -0500,neutro,0.927
18956,1,13,booking,2025-10-21,Igual no pude dormir bien por el ruido. Muy buena vista desde la habitacion.,es   ,2026-04-20 19:40:47.798 -0500,neutro,1.000
22187,1,13,booking,2026-03-18,Las camas eran comodas. igual demasiado ruido externo.,es   ,2026-04-20 19:40:47.798 -0500,neutro,0.990
22466,1,13,booking,2025-11-10,Pero el wifi era muy lento. El parqueadero fue util.,es   ,2026-04-20 19:40:47.798 -0500,neutro,0.989
21501,1,13,booking,2026-04-05,Muy buen hotel en general. Problemas con el agua caliente.,es   ,2026-04-20 19:40:47.798 -0500,neutro,0.753
22335,1,13,booking,2026-02-07,"La piscina estaba muy bien, aunque igual se escuchaba todo del pasillo y el baño tenía problemas.",es   ,2026-04-20 19:40:47.798 -0500,neutro,0.996
21188,1,13,booking,2026-01-30,Todo estuvo bien en general. Las instalacionrs estan algo viejas.,es   ,2026-04-20 19:40:47.798 -0500,neutro,0.966
19261,1,13,booking,2026-01-09,Pero la verdad hsbia olor raro en la habitacion. Las camas eran cómodas.,es   ,2026-04-20 19:40:47.798 -0500,neutro,0.989
21417,1,13,booking,2026-02-16,Limpieza impecable. Se escuchaba todo del pasillo y el baño tenia problemas.,es   ,2026-04-20 19:40:47.798 -0500,neutro,1.000
19784,1,13,booking,2026-04-12,Me parecio un hotel muycompleto. El bañoestaba algo descuidado.,es   ,2026-04-20 19:40:47.798 -0500,neutro,1.000
17798,1,13,booking,2026-03-26,El desayuno estuvo muy rico. sin embargo se escuchaba todo del pasillo y el baño tenía problemas.,es   ,2026-04-20 19:40:47.798 -0500,neutro,1.000
19996,1,13,booking,2025-12-16,El personal hizo todo lo posible por ayudar. La comida llego fria.,es   ,2026-04-20 19:40:47.798 -0500,neutro,1.000
19864,1,13,booking,2026-04-02,El parqueadero fue util. Falta mantenimiento en algunas areas.,es   ,2026-04-20 19:40:47.798 -0500,neutro,1.000
17756,1,13,booking,2026-01-12,"El colchon era comodisimo, eso sí el bsño estaba algo descuudado.",es   ,2026-04-20 19:40:47.798 -0500,neutro,0.998
22143,1,13,booking,2025-11-28,"Habitacion espaciosa y limpia, sin embargo habia mucho ruido en la noche.",es   ,2026-04-20 19:40:47.798 -0500,neutro,0.992
18511,1,13,booking,2026-03-11,Eso si se escuchaba todo del pasilllo. El check in fue rapido.,es   ,2026-04-20 19:40:47.798 -0500,neutro,0.999
19816,1,13,booking,2025-11-30,La verdad el desayuno no fue lo esperado. La recepcion fue muy cordial.,es   ,2026-04-20 19:40:47.798 -0500,neutro,1.000
22080,1,13,booking,2025-11-10,El personsl hizo todo lo posiblle por ayudar. eso si problemas con el agua caliente.,es   ,2026-04-20 19:40:47.798 -0500,neutro,0.999
21862,1,13,booking,2025-12-11,La recepcion fue muy cordial. La comida se demoro bastante.,es   ,2026-04-20 19:40:47.798 -0500,neutro,1.000
21491,1,13,booking,2026-02-07,Igual el desayuno no fue lo esperado. La ubicacion es muy buena.,es   ,2026-04-20 19:40:47.798 -0500,neutro,1.000
19416,1,13,booking,2025-11-20,El personal hizotodo lo posible por ayudar. La cama no erra muy comoda.,es   ,2026-04-20 19:40:47.798 -0500,neutro,1.000
20861,1,13,booking,2025-12-25,El personal fue muy amable. pero la verdad la limpieza podria mejorar.,es   ,2026-04-20 19:40:47.798 -0500,neutro,0.770
20602,1,13,booking,2026-04-04,El personal hizo todo lo posible por ayudar. sin embargo el ascensor tardaba mucho y el aire acondicionado hacia ruido.,es   ,2026-04-20 19:40:47.798 -0500,neutro,0.998
21012,1,13,booking,2025-10-06,Excelenteubicacion cerca a todo. El aire acondicionado hacia ruido.,es   ,2026-04-20 19:40:47.798 -0500,neutro,0.999
19425,1,13,booking,2025-11-17,Buena ubicacion para moverse por la ciudad. La comida se demoro bastante.,es   ,2026-04-20 19:40:47.798 -0500,neutro,0.999
17228,1,13,booking,2026-04-04,Eso sí el desayuno no fue llo esperado. Ambiente tranquilo y agradable.,es   ,2026-04-20 19:40:47.798 -0500,neutro,1.000
20921,1,13,booking,2026-01-24,Eso sí el colchon estaba algo viejo. Elcolchon era comodisimo.,es   ,2026-04-20 19:40:47.798 -0500,neutro,0.999
19611,1,13,booking,2025-12-11,Buen servicio de habitaciones. la verdad no pude dormirbien por el ruido y la comida se demoró bastante.,es   ,2026-04-20 19:40:47.798 -0500,neutro,1.000
17175,1,13,booking,2026-04-03,Aunque igual la puerta no cerraba bien. La ubicacion es muy buena.,es   ,2026-04-20 19:40:47.798 -0500,neutro,0.996
19000,1,13,booking,2025-12-21,"Excelente ubicación cerca a todo, sin embargo el colchon estaba algo viejo.",es   ,2026-04-20 19:40:47.798 -0500,neutro,0.866
18305,1,13,booking,2026-02-03,Igual habia muchp ruido en la noche. Las toallas y ropa de cama limpias.,es   ,2026-04-20 19:40:47.798 -0500,neutro,1.000
17079,1,13,booking,2026-01-14,Todo estuvo bien en general. aunque igual falta mantenimiento en algunas areas.,es   ,2026-04-20 19:40:47.798 -0500,neutro,0.864
22403,1,13,booking,2026-01-29,El restaurante del hotel estuvo rico. la verdad demorado el servicio de habitaciones.,es   ,2026-04-20 19:40:47.798 -0500,neutro,1.000
19609,1,13,booking,2025-11-30,La habitación estaba limpia. aunque el colchon estaba algo viejo.,es   ,2026-04-20 19:40:47.798 -0500,neutro,0.671
21039,1,13,booking,2025-10-09,Igual la limpiezapodria mejorar. La habitacion estaba limpia.,es   ,2026-04-20 19:40:47.798 -0500,neutro,0.705
20603,1,13,booking,2026-04-01,Pero demasiado ruido externo y el desayuno no fue lo esperado. Lahabitacion estaba limpia.,es   ,2026-04-20 19:40:47.798 -0500,neutro,1.000
18954,1,13,booking,2026-03-13,Aunque igual demasiado ruido externo y eldesayuno no fue lo esperado. Buenas instalaciones en general.,es   ,2026-04-20 19:40:47.798 -0500,neutro,0.999
20270,1,13,booking,2026-02-17,El personal fue amable. Poca variedad en el desayuno.,es   ,2026-04-20 19:40:47.798 -0500,neutro,1.000
21818,1,13,booking,2025-11-30,La piscina estaba muy bien. Falta mantenimiento en algunas areas.,es   ,2026-04-20 19:40:47.798 -0500,neutro,0.995
18773,1,13,booking,2026-01-06,Me gusto el servicio. Eldesayuno no fue lo esperado.,es   ,2026-04-20 19:40:47.798 -0500,neutro,1.000
18667,1,13,booking,2026-04-10,Buena experiencia en general lo recomiendo. El personal no fue muy atento.,es   ,2026-04-20 19:40:47.798 -0500,neutro,1.000
20213,1,13,booking,2025-12-14,La piscina estaba muy bien. Se escuchabatodo del pasillo y el baño tenía problemas.,es   ,2026-04-20 19:40:47.798 -0500,neutro,1.000
19985,1,13,booking,2026-03-07,Todo estuvo bienen general. La tv no funcionaba bien.,es   ,2026-04-20 19:40:47.798 -0500,neutro,0.999
19266,1,13,booking,2026-02-07,Pero se escuchaba todo del pasillo y el baño tenía problemas. El parqueadero fue util.,es   ,2026-04-20 19:40:47.798 -0500,neutro,1.000
17762,1,13,booking,2025-10-25,La ubicación es muy buena. sin embargo demorado el servicio de habitacioones.,es   ,2026-04-20 19:40:47.798 -0500,neutro,1.000
19928,1,13,booking,2025-11-21,Sin embargo habia olor raro en la habitacion. La habitaciónn estaba limpia,es   ,2026-04-20 19:40:47.798 -0500,neutro,0.998
22086,1,13,booking,2026-02-06,Sin embargo se escuchaba todo del pasillo. Las toallas y ropa de cama limpias.,es   ,2026-04-20 19:40:47.798 -0500,neutro,0.699
20695,1,13,booking,2025-12-18,La verdad hsbia olor raro en la habitacion. El check in fue rapido.,es   ,2026-04-20 19:40:47.798 -0500,neutro,0.961
18394,1,13,booking,2025-10-22,Habitacion espaciossa y limpia. El precio era algo elevado ppara lo que ofrece.,es   ,2026-04-20 19:40:47.798 -0500,neutro,0.629
19953,1,13,booking,2026-03-04,Eso sí se escuchaba todo del pasillo y el baño teníaproblemas. Todo estuvo bien en general.,es   ,2026-04-20 19:40:47.798 -0500,neutro,1.000
19949,1,13,booking,2025-12-23,Aunque igual poca variedad en el desayuno. Limpieza impecable,es   ,2026-04-20 19:40:47.798 -0500,neutro,1.000
19344,1,13,booking,2026-02-08,"Precio justo por lo que ofrece, eso si el cuarto era muy pequeño.",es   ,2026-04-20 19:40:47.798 -0500,neutro,0.993
17725,1,13,booking,2026-03-19,El personal super amable y atento. La cama no era muy comoda,es   ,2026-04-20 19:40:47.798 -0500,neutro,0.999
17809,1,13,booking,2025-10-17,La habitación estaba limpia. aunque igual el desayuno no fue lo esperado.,es   ,2026-04-20 19:40:47.798 -0500,neutro,0.751
22134,1,13,booking,2026-01-26,"Me gusto el servicio, pero demasiado ruido externo y el desayuno no fue lo esperrado.",es   ,2026-04-20 19:40:47.798 -0500,neutro,1.000
21781,1,13,booking,2025-11-20,"La atencion fue excelente, la verdad el wifi era muy lento.",es   ,2026-04-20 19:40:47.798 -0500,neutro,1.000
19476,1,13,booking,2026-01-15,La verdad la cama no era muy comoda. La recepcion fue muy cordial.,es   ,2026-04-20 19:40:47.798 -0500,neutro,1.000
18744,1,13,booking,2026-04-03,La ubicacion es muy buena. la verdad no habia agua caliente en la mañana.,es   ,2026-04-20 19:40:47.798 -0500,neutro,0.999
18462,1,13,booking,2026-03-08,Eso si la cama no era muy comoda. El personal hizo todo lo posible por ayudar.,es   ,2026-04-20 19:40:47.798 -0500,neutro,1.000
20256,1,13,booking,2025-11-06,La habitación estaba limpia. sin embargo problemas con el agua caliente.,es   ,2026-04-20 19:40:47.798 -0500,neutro,0.700
22119,1,13,booking,2025-12-02,Aunque demasiado ruido externo y el desayuno no fue lo esperado. Ambuente tranquilo y agradable.,es   ,2026-04-20 19:40:47.798 -0500,neutro,1.000
17595,1,13,booking,2026-03-31,Muy bien ubicado cerca al centro. pero la verdad el psrqueadero era muy pequeño.,es   ,2026-04-20 19:40:47.798 -0500,neutro,0.765
21710,1,13,booking,2026-03-12,"La ubicacion es muy buena, pero la verdad pocA variedad en el desayuno.",es   ,2026-04-20 19:40:47.798 -0500,neutro,0.998
19715,1,13,booking,2025-10-23,El drsayuno estuvo muy rico. Demorado el servicio de habitaciones.,es   ,2026-04-20 19:40:47.798 -0500,neutro,1.000
20951,1,13,booking,2026-04-10,"La habitación estaba limpia, eso si la comida llego fria.",es   ,2026-04-20 19:40:47.798 -0500,neutro,1.000
22060,1,13,booking,2025-10-18,Buena ubicacion para moverse por la cciudad. El aire acondicionado hacia ruido.,es   ,2026-04-20 19:40:47.798 -0500,neutro,0.512
17614,1,13,booking,2025-12-19,Me gustó el servicio. La comida se demoro bastante.,es   ,2026-04-20 19:40:47.798 -0500,neutro,1.000
19511,1,13,booking,2025-12-21,La habitacion estabaa limpia. Demasiado ruido externo y el desayuno no fue lo esperado.,es   ,2026-04-20 19:40:47.798 -0500,neutro,0.998
21121,1,13,booking,2026-03-26,"La habitación estaba limpia, sin embargo no pude dormir bien por el ruido.",es   ,2026-04-20 19:40:47.798 -0500,neutro,0.967
21147,1,13,booking,2026-01-04,Sin embargo los muebles estaban algo deteriorados. El parqueadero fue util.,es   ,2026-04-20 19:40:47.798 -0500,neutro,1.000
17440,1,13,booking,2026-02-11,Muy bonitas las areas comunes. pero la verdad habia olor raro en la habitacion.,es   ,2026-04-20 19:40:47.798 -0500,neutro,1.000
17793,1,13,booking,2025-10-25,"Me parecip un hotel muy completo, sin embargo no pude dormir bien por el ruido y la comida se demoró bastannte.",es   ,2026-04-20 19:40:47.798 -0500,neutro,0.996
21325,1,13,booking,2025-11-12,Buena relación calidadprecio. Habia olor raro en la habitacion.,es   ,2026-04-20 19:40:47.798 -0500,neutro,0.971
20698,1,13,booking,2026-04-10,El wifi funcionaba bien. Se escuchaba todo del pasillo y en recepción se demoraron demasiado.,es   ,2026-04-20 19:40:47.798 -0500,neutro,1.000
19284,1,13,booking,2025-12-30,Igual se escUchabatodo del pasillo. El personal fue muy amable.,es   ,2026-04-20 19:40:47.798 -0500,neutro,0.673
17863,1,13,booking,2026-01-14,Pero las instalaciones estan algo viejas. El wifi funcionaba bien.,es   ,2026-04-20 19:40:47.798 -0500,neutro,0.994
18246,1,13,booking,2026-03-30,"El restaurante del hhotel estuvo rico, la verdad se escuchaba todo del pasillo y el baño tenía problemas",es   ,2026-04-20 19:40:47.798 -0500,neutro,1.000
20340,1,13,booking,2026-04-05,"Cumplr con lo que promete, sin embargo el baño estaba algo descuidado.",es   ,2026-04-20 19:40:47.798 -0500,neutro,0.957
18679,1,13,booking,2025-10-27,Todo estuvo bien en general. eso si elaire acondicionado hacia ruido.,es   ,2026-04-20 19:40:47.798 -0500,neutro,0.999
20159,1,13,booking,2025-11-08,Muy bien ubicado cerca al centro. aunque igual demasiado ruido externo.,es   ,2026-04-20 19:40:47.798 -0500,neutro,0.894
18597,1,13,booking,2026-01-13,"La atencion fue excelente, eso si el personal no fue muy aatento.",es   ,2026-04-20 19:40:47.798 -0500,neutro,0.999
17404,1,13,booking,2025-10-19,La verdad demorado el servicio de habitaciones. Habitacion espaciosa y limpia.,es   ,2026-04-20 19:40:47.798 -0500,neutro,0.907
17235,1,13,booking,2025-10-22,Buena ubicacion para moverse por la ciudad. aunque igual habia olor raro en la habitacion.,es   ,2026-04-20 19:40:47.798 -0500,neutro,0.935
19513,1,13,booking,2025-10-23,El colchon ers comodisimo. Se escuchaba todo del pasillo y en recepción se demoraron demasiado.,es   ,2026-04-20 19:40:47.798 -0500,neutro,1.000
20720,1,13,booking,2025-12-21,Muy bonitas lasareas comunes. Habia humedad en el cuarto.,es   ,2026-04-20 19:40:47.798 -0500,neutro,0.999
17445,1,13,booking,2026-03-23,"La ubicación es muy buena, eso sí el desayuno no fue lo esperado.",es   ,2026-04-20 19:40:47.798 -0500,neutro,1.000
20087,1,13,booking,2025-12-20,"Me gusto el servicio, eso si falta mantenimiento en algunas areas.",es   ,2026-04-20 19:40:47.798 -0500,neutro,1.000
17842,1,13,booking,2025-10-23,La ubicación es muy buena. Poca variedad en el desayuno.,es   ,2026-04-20 19:40:47.798 -0500,neutro,1.000
22426,1,13,booking,2026-04-04,Las camas eran cómofas. eso sí habia humedad en el cuarto.,es   ,2026-04-20 19:40:47.798 -0500,neutro,0.972
17799,1,13,booking,2026-04-05,"La habitación estaba limpia, eso sí problemas con el agua caliente.",es   ,2026-04-20 19:40:47.798 -0500,neutro,0.999
18889,1,13,booking,2025-11-30,El check in fue rapido. sin embargo el precio era algo elevado para lo que ofrece y habia olor raro en la habitacion.,es   ,2026-04-20 19:40:47.798 -0500,neutro,1.000
17339,1,13,booking,2026-01-03,El personsl fue muy amable. La comida se demoro bastante.,es   ,2026-04-20 19:40:47.798 -0500,neutro,1.000
17742,1,13,booking,2026-04-10,Buen servicio de habitaciones. En recepcion se demoraron demasiado.,es   ,2026-04-20 19:40:47.798 -0500,neutro,1.000
20417,1,13,booking,2025-11-24,Todo estuvo bien en general. En recepcion se demoraron demasiado.,es   ,2026-04-20 19:40:47.798 -0500,neutro,0.997
21407,1,13,booking,2025-12-18,La verdad demorado el servicio de habitaciones. La habitación estaba limpia.,es   ,2026-04-20 19:40:47.798 -0500,neutro,0.915
18705,1,13,booking,2026-01-15,Las camas eran comodas. sin embargo había mucho ruido en la noche y la atención pudo ser mejor.,es   ,2026-04-20 19:40:47.798 -0500,neutro,0.664
21584,1,13,booking,2026-04-16,Eso sí no pude dormir bien por el ruido. Buena relacion calidad precio.,es   ,2026-04-20 19:40:47.798 -0500,neutro,1.000
17115,1,13,booking,2026-03-06,Igual los muebles estaban algo deteriorados. La ubicación es muy buena.,es   ,2026-04-20 19:40:47.798 -0500,neutro,0.834
17041,1,13,booking,2026-03-11,El personal fue muy amable. sin embargo falta mantenimiento en algunas areas.,es   ,2026-04-20 19:40:47.798 -0500,neutro,0.988
19750,1,13,booking,2026-02-22,Pero la verdad el servicio fue algo demorado. Buena relacióncalidad precio.,es   ,2026-04-20 19:40:47.798 -0500,neutro,1.000
18528,1,13,booking,2025-10-14,Ambiente tranquilo y agradable. pero habia olor raro en la habitacion.,es   ,2026-04-20 19:40:47.798 -0500,neutro,1.000
17961,1,13,booking,2026-01-21,Buena ubicacion para moverse por la ciudad. igual el servicio fue algo demorado.,es   ,2026-04-20 19:40:47.798 -0500,neutro,0.800
21169,1,13,booking,2026-01-17,Buenas instalaciones en general. sin embargo el precio era algo elevado para lo que ofrece.,es   ,2026-04-20 19:40:47.798 -0500,neutro,0.997
20706,1,13,booking,2026-02-02,Sin embargo el baño tenia problemas. El personal super amable y atento.,es   ,2026-04-20 19:40:47.798 -0500,neutro,0.998
22435,1,13,booking,2025-12-21,Precio justo por lo que ofrece. La cama no era muy comoda.,es   ,2026-04-20 19:40:47.798 -0500,neutro,0.971
20904,1,13,booking,2025-10-27,Elcuarto era amplio. la verdad el baño estaba algo descuidado.,es   ,2026-04-20 19:40:47.798 -0500,neutro,0.927
19634,1,13,booking,2026-02-18,Ambiente tranquilo y agradable. sin embargo no habia agua caliente en la mañana.,es   ,2026-04-20 19:40:47.798 -0500,neutro,0.995
18921,1,13,booking,2025-11-23,"La ubicacion es muy buena, igual el baño tenia problemas.",es   ,2026-04-20 19:40:47.798 -0500,neutro,1.000
17600,1,13,booking,2025-10-21,Muy buen hotel en general. aunque igual las instalaciones estan algo viejas,es   ,2026-04-20 19:40:47.798 -0500,neutro,0.889
18756,1,13,booking,2025-12-23,El personal fue amable. igual no pude dormir bien por el ruido y la comida se demoró bastante.,es   ,2026-04-20 19:40:47.798 -0500,neutro,1.000
19915,1,13,booking,2026-03-27,"Todo estuvo bien en general, eso sí se escuchsba todo delpasillo y el baño tenía problemas.",es   ,2026-04-20 19:40:47.798 -0500,neutro,1.000
20559,1,13,booking,2026-01-13,"La recepcion fue muy cordial, pero se escuchaba todo del pasillo y la cama no era muy comoda.",es   ,2026-04-20 19:40:47.798 -0500,neutro,1.000
17250,1,13,booking,2025-10-12,"Muy buen hotel en general, sin embargo la tv no funcionaba bien",es   ,2026-04-20 19:40:47.798 -0500,neutro,0.998
18884,1,13,booking,2025-12-24,Eso si se escuchaba todo del pasillo y en recepción se demoraron demasiado. La habitación estaba limpia.,es   ,2026-04-20 19:40:47.798 -0500,neutro,1.000
17261,1,13,booking,2025-12-18,"El cuarto era amplio, eso si habia humedad en el cuarto.",es   ,2026-04-20 19:40:47.798 -0500,neutro,1.000
18537,1,13,booking,2026-02-21,La recepcion fue muy cordial. pero la verdad se escuchaba todo del pasilloy en recepción se demorarron demasiado.,es   ,2026-04-20 19:40:47.798 -0500,neutro,1.000
21478,1,13,booking,2026-03-29,Me gusto el servicio. aunque igual la puerta no cerraba bien.,es   ,2026-04-20 19:40:47.798 -0500,neutro,0.661
21258,1,13,booking,2025-12-06,Ambiente tranquilo y agradable. El colchon estaba algo viejo.,es   ,2026-04-20 19:40:47.798 -0500,neutro,0.948
20232,1,13,booking,2025-12-05,"El check in fue rapido, pero la verdad había mucho ruido en la noche y la atención pudo ser mejor.",es   ,2026-04-20 19:40:47.798 -0500,neutro,0.941
22388,1,13,booking,2025-12-03,Aunque falta mantenimiento en algunas areas. Me parecio un hotel muy completo.,es   ,2026-04-20 19:40:47.798 -0500,neutro,0.999
19398,1,13,booking,2026-03-13,El cuarto era amplio. Se escuchaba todo del pasillo y el baño tenía probleemas.,es   ,2026-04-20 19:40:47.798 -0500,neutro,0.973
18370,1,13,booking,2026-03-04,El personsl hizo todo lo posible por ayudar. La comida llego fria.,es   ,2026-04-20 19:40:47.798 -0500,neutro,0.989
20515,1,13,booking,2025-12-30,Honestamente Había mucho ruido en la noChe y la atención pudo ser mejor y el cuarto era muy pequeñño.,es   ,2026-04-20 19:40:47.798 -0500,neutro,0.998
17647,1,13,booking,2026-03-13,"La habitación estaba limpia, eso si se escuchaba todo del pasilloy el baño tenia problemmas.",es   ,2026-04-20 19:40:47.798 -0500,neutro,1.000
21185,1,13,booking,2025-12-15,Pero el baño tenia problemas. Las camas erancómodas.,es   ,2026-04-20 19:40:47.798 -0500,neutro,0.996
22182,1,13,booking,2026-01-13,La habitación estaba limpia. la verdad demorado el servicio de habitaciones.,es   ,2026-04-20 19:40:47.798 -0500,neutro,0.954
21852,1,13,booking,2025-12-14,"Todo estuvo bien en general, eso si los muebles estaban algo deteriorados.",es   ,2026-04-20 19:40:47.798 -0500,neutro,1.000
19617,1,13,booking,2026-02-27,El colchon era comodisimo. Problemascon el agua caliente.,es   ,2026-04-20 19:40:47.798 -0500,neutro,0.948
18082,1,13,booking,2025-10-07,Sin embargo demasiado ruIdo externo. El colchon era comodisimo.,es   ,2026-04-20 19:40:47.798 -0500,neutro,0.999
21227,1,13,booking,2025-12-10,Aunque igual demasiado ruido externo. Precio justo por lo que ofrece.,es   ,2026-04-20 19:40:47.798 -0500,neutro,0.998
18779,1,13,booking,2025-10-19,El wifi funcionaba bien. Rl bano tenia problemas.,es   ,2026-04-20 19:40:47.798 -0500,neutro,0.574
22427,1,13,booking,2026-03-08,El personal super amable y atento. igual el aire acondicionado hacia ruido.,es   ,2026-04-20 19:40:47.798 -0500,neutro,0.599
20717,1,13,booking,2026-03-04,Me gustóel servicio. pero la verdad demorado el servicio de habitaciones.,es   ,2026-04-20 19:40:47.798 -0500,neutro,1.000
19324,1,13,booking,2025-10-26,"Me gustó el servicio, pero se escuchaba todo del pasillo y el baño tenía peoblemas.",es   ,2026-04-20 19:40:47.798 -0500,neutro,0.997
21042,1,13,booking,2026-04-14,Sin embargo demorado el servicio de habitaciones. Muy buen hotel en general.,es   ,2026-04-20 19:40:47.798 -0500,neutro,1.000
18273,1,13,booking,2025-10-27,Sin embargo el personal no fue muy atento. El personal fue amable.,es   ,2026-04-20 19:40:47.798 -0500,neutro,0.949
17187,1,13,booking,2026-03-14,Buena ubicacion para moverse por la ciudad. igual el desayuno no fue lo esperado.,es   ,2026-04-20 19:40:47.798 -0500,neutro,0.998
20235,1,13,booking,2025-10-04,La recepcion fue muy cordial. sin embargo problemas con el agua caliente.,es   ,2026-04-20 19:40:47.798 -0500,neutro,0.999
18487,1,13,booking,2026-01-05,"El personal fue muy amable, pero se escuchabba todo del pasillo.",es   ,2026-04-20 19:40:47.798 -0500,neutro,0.999
20230,1,13,booking,2026-02-21,Habitacion espaciosa y limpia. igual el baño estaba algo descuidaado,es   ,2026-04-20 19:40:47.798 -0500,neutro,0.691
22368,1,13,booking,2025-12-10,El personal hizo todo lo posible por ayudar. aunque igual los muebles estaban algo deteriorados.,es   ,2026-04-20 19:40:47.798 -0500,neutro,0.833
17838,1,13,booking,2025-11-15,Eso si el precioera algo elevado para lo que ofrece. La piscina estaba muy bien,es   ,2026-04-20 19:40:47.798 -0500,neutro,0.999
21411,1,13,booking,2025-11-29,El personal fue amable. El wifi era muy lento.,es   ,2026-04-20 19:40:47.798 -0500,neutro,0.852
21307,1,13,booking,2025-10-06,El parqueadero fue util.La cama no era muy comoda.,es   ,2026-04-20 19:40:47.798 -0500,neutro,1.000
21259,1,13,booking,2026-03-21,Igual demasiado ruido externo. El restaurante del hotel estuvo rico.,es   ,2026-04-20 19:40:47.798 -0500,neutro,0.982
17639,1,13,booking,2025-12-10,El personal fue amable. El servicio fue algo demorado.,es   ,2026-04-20 19:40:47.798 -0500,neutro,0.709
19370,1,13,booking,2025-11-30,Pero la verdad demasiado ruido externo y el desayuno no fue lo esperado. El colchon era comodisimo.,es   ,2026-04-20 19:40:47.798 -0500,neutro,0.988
18509,1,13,booking,2026-02-24,Eso sí habia humedad en el cuarto. La habitacionestaba limpia.,es   ,2026-04-20 19:40:47.798 -0500,neutro,1.000
21938,1,13,booking,2026-02-07,La verdad demasiado ruIdo externo y el desayuno no fue lo esperado. Todo estuvo bien en general.,es   ,2026-04-20 19:40:47.798 -0500,neutro,0.995
21014,1,13,booking,2025-12-24,"El cuarto era amplio, pero poca variedad en el desayuno.",es   ,2026-04-20 19:40:47.798 -0500,neutro,0.681
22476,1,13,booking,2025-12-22,Aunque igual el aire acondicionado hacia ruido. El personal super amable y atento.,es   ,2026-04-20 19:40:47.798 -0500,neutro,0.615
20971,1,13,booking,2026-01-10,La recepcion fue muy cordial. pero falta mantenimiento en algunas areas.,es   ,2026-04-20 19:40:47.798 -0500,neutro,1.000
22251,1,13,booking,2025-12-13,Aunque habia olor raro en la habitacion. Cumple con lo que promete.,es   ,2026-04-20 19:40:47.798 -0500,neutro,0.823
21695,1,13,booking,2025-12-12,"Excelente ubicacion cerca a todo, perO la verdad falta mantenimiento en algunas areas.",es   ,2026-04-20 19:40:47.798 -0500,neutro,1.000
18865,1,13,booking,2026-03-10,Muy bien ubicado cerca al centro. pero la verdad la comida se demoro bastante.,es   ,2026-04-20 19:40:47.798 -0500,neutro,0.999
19781,1,13,booking,2025-11-03,"Rl cuarto erra amplio, pero se escuchaba todo del pasillo.",es   ,2026-04-20 19:40:47.798 -0500,neutro,1.000
20516,1,13,booking,2026-02-10,"Me parecio un hotel muy completo, igual el desayuno no fue lo esperado.",es   ,2026-04-20 19:40:47.798 -0500,neutro,1.000
21717,1,13,booking,2026-02-03,Igual no pude dormir bien por el ruido. El personal hizo todo lo posible por ayudar.,es   ,2026-04-20 19:40:47.798 -0500,neutro,0.999
19969,1,13,booking,2026-03-04,Pero la verdad el baño estaba algo descuidado. Las camaS eran cómodas.,es   ,2026-04-20 19:40:47.798 -0500,neutro,0.988
19698,1,13,booking,2025-12-15,Sin embargo la comida llego fria. El personal fue muy amable.,es   ,2026-04-20 19:40:47.798 -0500,neutro,0.540
19464,1,13,booking,2026-04-15,El personal fue muyamable. Demasiado ruido externo y el desayuno no fue lo esperado.,es   ,2026-04-20 19:40:47.798 -0500,neutro,0.630
19242,1,13,booking,2026-02-24,Todo estuvo bien en general. Demasiado ruido externo y el desayuno no fue lo esperado.,es   ,2026-04-20 19:40:47.798 -0500,neutro,0.999
21840,1,13,booking,2025-11-13,"El restaurante del hotel estuvo rico, sin embargo habia mucho ruido en la noche",es   ,2026-04-20 19:40:47.798 -0500,neutro,0.999
18466,1,13,booking,2025-11-01,Me gusto el servicio. pero la verdad el aieee acondicionado hacia ruido.,es   ,2026-04-20 19:40:47.798 -0500,neutro,1.000
20617,1,13,booking,2025-10-24,Sin embargo en recepcion se demoraron demasiado. Habitacion espaciosa y limpia.,es   ,2026-04-20 19:40:47.798 -0500,neutro,1.000
21580,1,13,booking,2025-12-10,Muy buen hotel en general. Demorado el servicio de habitaciones.,es   ,2026-04-20 19:40:47.798 -0500,neutro,0.999
18004,1,13,booking,2026-04-08,Aunque se escuchaba todo del pasillo y el bano tenia problemas. El restaurante del hotel estuvo rico,es   ,2026-04-20 19:40:47.798 -0500,neutro,1.000
22040,1,13,booking,2025-11-15,Me parecio un hotel muy completo. La puerta no cerraba bien.,es   ,2026-04-20 19:40:47.798 -0500,neutro,0.989
22076,1,13,booking,2025-11-01,Ambiente tranquiloy agradable. El aire acondicionado hacia ruido.,es   ,2026-04-20 19:40:47.798 -0500,neutro,0.536
21779,1,13,booking,2026-02-20,"La piscina estaba muy bien, eso sí el desayuno no fue lo esperado.",es   ,2026-04-20 19:40:47.798 -0500,neutro,0.879
21726,1,13,booking,2025-12-09,"El personal fue amable, eso si habia humedad en el cuarto.",es   ,2026-04-20 19:40:47.798 -0500,neutro,0.755
18053,1,13,booking,2025-10-09,Excelente ubicación cerca a todo. No pude dormir bien por el ruido y la comida se demoró bastante.,es   ,2026-04-20 19:40:47.798 -0500,neutro,0.997
19218,1,13,booking,2025-11-21,El personal fue amable. eso sí se escuchaba todo del pasillo y el baño tenía problemas.,es   ,2026-04-20 19:40:47.798 -0500,neutro,1.000
22239,1,13,booking,2026-02-10,El check in fue rapidoo. eso sí femasiado ruido extermo.,es   ,2026-04-20 19:40:47.798 -0500,neutro,0.999
22247,1,13,booking,2025-10-26,"Todo estuvo bien en geneeeal, eso si el colchon estaba algo viejo.",es   ,2026-04-20 19:40:47.798 -0500,neutro,0.889
21435,1,13,booking,2025-10-05,La habitación estaba limpia. Habia mucho ruido en la noche.,es   ,2026-04-20 19:40:47.798 -0500,neutro,0.999
20178,1,13,booking,2025-11-08,Las camas eran comodas. la verdad el aire acondicionadohacia ruiddo.,es   ,2026-04-20 19:40:47.798 -0500,neutro,0.997
18355,1,13,booking,2025-10-31,Aunque igual el wifi era muy lento. La piscina estaba muy bien.,es   ,2026-04-20 19:40:47.798 -0500,neutro,0.534
20596,1,13,booking,2025-11-18,La habitacion estaba limpiaa. igual habia humedad en el cuarto.,es   ,2026-04-20 19:40:47.798 -0500,neutro,0.998
22438,1,13,booking,2026-02-10,"El wifi funcionaba bien, la verdad el servicio fue algo demorado.",es   ,2026-04-20 19:40:47.798 -0500,neutro,0.907
17147,1,13,booking,2026-04-12,Buen servicio de habitaciones. pero la verdad la atencion pudo ser mejor.,es   ,2026-04-20 19:40:47.798 -0500,neutro,0.953
17637,1,13,booking,2025-11-27,Muy bonitas las areas comunes. La comida se demoro bastante.,es   ,2026-04-20 19:40:47.798 -0500,neutro,1.000
17047,1,13,booking,2026-03-13,Buena relacion calidad precio. Los muebles estaban algo deteriorados.,es   ,2026-04-20 19:40:47.798 -0500,neutro,0.999
17351,1,13,booking,2026-03-25,Buena relacion calidad precio. igual el precio era algo elevado para lo que ofrece.,es   ,2026-04-20 19:40:47.798 -0500,neutro,0.985
18470,1,13,booking,2026-01-03,Sin embargo no habia agua caliente enlamañanaa. Habitacion espaciosa y limpiia.,es   ,2026-04-20 19:40:47.798 -0500,neutro,1.000
22240,1,13,booking,2025-12-24,Aunque igual habia muchoruido en la noche. El restaurante del hotelestuvo rico.,es   ,2026-04-20 19:40:47.798 -0500,neutro,1.000
20283,1,13,booking,2025-12-26,Eso si el desayuno no fue lo esperado. Buen servicio de habitaciones.,es   ,2026-04-20 19:40:47.798 -0500,neutro,1.000
22117,1,13,booking,2025-11-03,El colchon era comodisimoo. aunque igual la comida llego fria.,es   ,2026-04-20 19:40:47.798 -0500,neutro,0.997
19815,1,13,booking,2025-11-03,Limpieza impecable. El precio era algo elevado para lo que ofrece.,es   ,2026-04-20 19:40:47.798 -0500,neutro,0.837
20548,1,13,booking,2025-11-06,Buena experiencia en generaal lo recomiiendo. No habia agua calienteen la mañana.,es   ,2026-04-20 19:40:47.798 -0500,neutro,0.999
19186,1,13,booking,2026-01-09,Megusto el servicio. No habia agua caliente en la mañana.,es   ,2026-04-20 19:40:47.798 -0500,neutro,1.000
19061,1,13,booking,2026-02-25,Pero la verdad habia olor raro en la habitacion. El check in fue rapido.,es   ,2026-04-20 19:40:47.798 -0500,neutro,0.999
17224,1,13,booking,2025-11-14,"El personal hizo todo lo posible por ayudar, eso si la cama no era muy comoda.",es   ,2026-04-20 19:40:47.798 -0500,neutro,1.000
22301,1,13,booking,2025-10-29,Pero el ascensor tardabA mucho y poca variedaden el desayuno. Todo estuvo bien en general.,es   ,2026-04-20 19:40:47.798 -0500,neutro,1.000
19020,1,13,booking,2026-04-15,Aunque igual demasiado ruido externo y el desayuno no fue lo esperado. Buena ubicacion para moverse por la ciudad.,es   ,2026-04-20 19:40:47.798 -0500,neutro,1.000
21027,1,13,booking,2025-12-21,Me parecio un hotel muy completo. pero demasiado ruido externo y el desayuno no fue lo esperado.,es   ,2026-04-20 19:40:47.798 -0500,neutro,0.997
20478,1,13,booking,2026-03-14,La habitacion estaba llimpia. Se escuchaba todo del pasillo y el baño tenía problemas.,es   ,2026-04-20 19:40:47.798 -0500,neutro,0.777
18382,1,13,booking,2025-12-25,Me parecio un hotel muy completo. pero la verdad el desayuno no fue lo esperado.,es   ,2026-04-20 19:40:47.798 -0500,neutro,1.000
20231,1,13,booking,2025-11-02,Excelente ubicación cerca a todo. Los muebles estaban algo deteriorados.,es   ,2026-04-20 19:40:47.798 -0500,neutro,0.959
18512,1,13,booking,2026-02-19,"Limpieza impecable, pero se escuchaba todo del pasillo y en recepción se demoraron demasiado.",es   ,2026-04-20 19:40:47.798 -0500,neutro,1.000
20305,1,13,booking,2026-01-29,El personal fue muy amable. En recepcion se demoraron demasiado.,es   ,2026-04-20 19:40:47.798 -0500,neutro,0.966
17227,1,13,booking,2026-01-06,El personal fue amable. eso sí el personal no fue muy atentto.,es   ,2026-04-20 19:40:47.798 -0500,neutro,0.869
19746,1,13,booking,2026-03-18,Igual no pude dormir bien por el ruido y la comida se demoró bastante. Ambiente tranquilo y agradable.,es   ,2026-04-20 19:40:47.798 -0500,neutro,1.000
19368,1,13,booking,2026-03-30,La ubicación es muy buena. El colchon estaba algo viejo.,es   ,2026-04-20 19:40:47.798 -0500,neutro,0.668
17121,1,13,booking,2026-03-27,"El desayuno estuvo muy eico, la verdad el ascensor tardaba mucho.",es   ,2026-04-20 19:40:47.798 -0500,neutro,0.702
19497,1,13,booking,2026-02-26,Me parecio un hotel muy completo. Problemas con el agua caliente.,es   ,2026-04-20 19:40:47.798 -0500,neutro,1.000
18102,1,13,booking,2026-02-01,"La habitacion estaba limpia, eso si problemas con el agua caliente y habia humedad en el cuarto.",es   ,2026-04-20 19:40:47.798 -0500,neutro,1.000
21064,1,13,booking,2025-11-13,El parqueadero fue util. sin embargo los muebles estaban algo deteriorados.,es   ,2026-04-20 19:40:47.798 -0500,neutro,1.000
20952,1,13,booking,2026-01-02,"Buena ubicacion para moverse por la ciudad, la verdad los muebles estaban algo deteriorados.",es   ,2026-04-20 19:40:47.798 -0500,neutro,1.000
21554,1,13,booking,2025-12-21,Aunque igual el wifii ers muy lento. Elcolchon era comodisimo.,es   ,2026-04-20 19:40:47.798 -0500,neutro,0.997
21168,1,13,booking,2025-11-08,Pero no pude dormirbien por elruido. El personal fue amable.,es   ,2026-04-20 19:40:47.798 -0500,neutro,0.906
20889,1,13,booking,2025-10-31,La verdad ka comida se demoro bastante. Las camas eran cómodas.,es   ,2026-04-20 19:40:47.798 -0500,neutro,0.999
18914,1,13,booking,2025-10-09,"El personal super amable y atento, la verdad en recepcion se demoraron demasiado.",es   ,2026-04-20 19:40:47.798 -0500,neutro,1.000
19190,1,13,booking,2026-03-22,Pero no pude dormir bien por el ruido. Habitacion espaciosa y limpia.,es   ,2026-04-20 19:40:47.798 -0500,neutro,0.998
20738,1,13,booking,2026-03-11,Ambiente tranquilo y agradable. Poca variedad en el desayuno.,es   ,2026-04-20 19:40:47.798 -0500,neutro,0.931
18939,1,13,booking,2026-03-02,"Buenas instalaciones en general, igual demorado el servicio de habitaciones.",es   ,2026-04-20 19:40:47.798 -0500,neutro,0.999
21598,1,13,booking,2025-12-11,Muy buena vista desde la habitacion. la verdad falta mantenimiento en algunas areaas.,es   ,2026-04-20 19:40:47.798 -0500,neutro,1.000
20919,1,13,booking,2025-11-27,"Las camas eran comodas, aunque enrecepcion se demoraron demasiado.",es   ,2026-04-20 19:40:47.798 -0500,neutro,0.967
19970,1,13,booking,2026-03-08,Me gustó el servicio. La tv no funcioonaba birn,es   ,2026-04-20 19:40:47.798 -0500,neutro,1.000
17818,1,13,booking,2026-02-11,La ubicacion ess muy buena. la verdad habia humedad en el cuaeto.,es   ,2026-04-20 19:40:47.798 -0500,neutro,0.997
20922,1,13,booking,2026-03-10,El personal hizo todo lo posible por ayudar. aunque igual el baño estaba algo descuidado.,es   ,2026-04-20 19:40:47.798 -0500,neutro,0.888
20831,1,13,booking,2026-03-04,Pero la verdad el baño estaba algo descuidado y el precio era algo elevado para lo que ofrece. Las toallas y ropa de cama limpias.,es   ,2026-04-20 19:40:47.798 -0500,neutro,1.000
21631,1,13,booking,2026-01-24,Cumple con lo que promete. El baño tenia problemas.,es   ,2026-04-20 19:40:47.798 -0500,neutro,0.739
17526,1,13,booking,2026-02-15,Buena relacionn calidad precio. No habia agua caliente en la mañana.,es   ,2026-04-20 19:40:47.798 -0500,neutro,0.775
20508,1,13,booking,2026-02-01,Aunque igual no pude dormir bien por el ruido y la comida se demoró bastante. Me gusto el servicio.,es   ,2026-04-20 19:40:47.798 -0500,neutro,1.000
19564,1,13,booking,2025-12-31,Sin embargo el baño estaba algo descuidado. Buena ubicacion para moverse por la ciudad.,es   ,2026-04-20 19:40:47.798 -0500,neutro,0.998
20897,1,13,booking,2025-12-17,"El personal hizo todo lo posible por ayudar, aunque el aire acondicionado hacia ruiido.",es   ,2026-04-20 19:40:47.798 -0500,neutro,1.000
21317,1,13,booking,2026-02-17,Habitacion espaciosa y limpia. aunque los muebles estaban algo deteriorados.,es   ,2026-04-20 19:40:47.798 -0500,neutro,0.870
22112,1,13,booking,2026-02-14,Pero la cama no era muy comoda. Cumple con lo que promete.,es   ,2026-04-20 19:40:47.798 -0500,neutro,0.969
20902,1,13,booking,2025-10-18,Buenas instalaciones en general. El personal no fue muy atento.,es   ,2026-04-20 19:40:47.798 -0500,neutro,0.664
17238,1,13,booking,2026-04-13,"Buen servicio de habitaciones, eso sí poca variedad en el desayuno y el aire acondicionado hacia ruido.",es   ,2026-04-20 19:40:47.798 -0500,neutro,1.000
19277,1,13,booking,2025-11-12,La recepcion fuemuy cordial. Habia mucho ruido en la noche.,es   ,2026-04-20 19:40:47.798 -0500,neutro,1.000
18726,1,13,booking,2026-04-04,"Me parecio un hotel muy completo, eso si habia mucho ruido en la noche.",es   ,2026-04-20 19:40:47.798 -0500,neutro,0.994
21368,1,13,booking,2025-10-18,"Buena eelacion calidadprecio, eso sí la limpieza podria mejorar.",es   ,2026-04-20 19:40:47.798 -0500,neutro,0.520
18338,1,13,booking,2026-03-19,Muy bien ubicado cerca al centro. aunque igual el personal no fue muy atento.,es   ,2026-04-20 19:40:47.798 -0500,neutro,1.000
21686,1,13,booking,2025-11-14,La piscina estaba muy bien. la verdad el servicio fue algo demorado.,es   ,2026-04-20 19:40:47.798 -0500,neutro,1.000
20911,1,13,booking,2026-01-05,"El personal fue amable, pero el aire acondicionado hacia ruido.",es   ,2026-04-20 19:40:47.798 -0500,neutro,1.000
19937,1,13,booking,2026-03-24,Me gustó el servicio. La tv no funcionabaa bien.,es   ,2026-04-20 19:40:47.798 -0500,neutro,0.809
22471,1,13,booking,2025-11-10,Buen servicio de habitaciones. Habia olor raro en la habitacion.,es   ,2026-04-20 19:40:47.798 -0500,neutro,1.000
17465,1,13,booking,2026-01-15,La verdad falta mantenimiento en algunas areas. El personal super amable y atento.,es   ,2026-04-20 19:40:47.798 -0500,neutro,1.000
21162,1,13,booking,2025-12-02,Me gusto el servicio. igual se escuchaba todo del pasillo y en recepción se demoraron demasiado.,es   ,2026-04-20 19:40:47.798 -0500,neutro,1.000
18986,1,13,booking,2025-12-19,Habitacion espaciosa y limpia. El precio era algo elevado para lo que ofrece,es   ,2026-04-20 19:40:47.798 -0500,neutro,0.892
18016,1,13,booking,2026-03-06,La verdad el personal no fue muy ateNto. Muybuen hotel en general.,pt   ,2026-04-20 19:40:47.798 -0500,neutro,1.000
21830,1,13,booking,2025-10-27,"El check in fue rapido, igual el aire acondicionadohacia ruido.",es   ,2026-04-20 19:40:47.798 -0500,neutro,1.000
21049,1,13,booking,2026-04-11,"El colchon era comodisimo, la verdad habia mucho ruido en la noche.",es   ,2026-04-20 19:40:47.798 -0500,neutro,1.000
20562,1,13,booking,2026-04-13,El cuarto era amplio. No pude dormir bien por el ruido.,es   ,2026-04-20 19:40:47.798 -0500,neutro,0.928
18699,1,13,booking,2025-11-29,"Excelente ubicacion cerca a todo, aunque el aire acondicionado haciaruiido.",es   ,2026-04-20 19:40:47.798 -0500,neutro,0.954
19055,1,13,booking,2026-02-25,Honestamente Había mucho ruido en la noche y la atención pudo ser mejor y el cuarto era muy pequeño.,es   ,2026-04-20 19:40:47.798 -0500,neutro,0.908
19010,1,13,booking,2026-03-01,Excelente ubicación cerca a todo. El servicip fuealgo demorado.,es   ,2026-04-20 19:40:47.798 -0500,neutro,0.996
18535,1,13,booking,2025-12-10,Todo estuvo bien en general. eso si el aire acondicionado hacia ruido.,es   ,2026-04-20 19:40:47.798 -0500,neutro,0.937
19979,1,13,booking,2025-10-10,Buena relacion calidad precio. eso si el personal no fue muy atento.,es   ,2026-04-20 19:40:47.798 -0500,neutro,1.000
17698,1,13,booking,2025-11-03,Igual los muebles estaban algo deteriorados. La ubicación es muy buena.,es   ,2026-04-20 19:40:47.798 -0500,neutro,0.834
20742,1,13,booking,2025-11-26,"Buena experiencia en general lo recomieendo, pero la comida se demoro bastante.",es   ,2026-04-20 19:40:47.798 -0500,neutro,1.000
19886,1,13,booking,2025-11-12,Buena experiencia en general lo recomieendoo. Se escuchaba todo del pasillo y el baño tenía problemas.,es   ,2026-04-20 19:40:47.798 -0500,neutro,1.000
21935,1,13,booking,2026-01-02,La verdad se escuchaba todo del pasillo y el baño tenía problemas. El cuarto era amplio.,es   ,2026-04-20 19:40:47.798 -0500,neutro,0.987
21200,1,13,booking,2025-10-30,Igual habia olorraro en la habitacion. La habitacion estaba limpia.,es   ,2026-04-20 19:40:47.798 -0500,neutro,0.989
18401,1,13,booking,2026-01-19,El personal hizo todo lo posible por ayudar. sin embargo demasiado ruido externo y el desayuno no fue lo esperado.,es   ,2026-04-20 19:40:47.798 -0500,neutro,0.913
18493,1,13,booking,2026-01-02,"Muy bien ubicado cerca al centro, eso sí el wifi era muy lento.",es   ,2026-04-20 19:40:47.798 -0500,neutro,0.948
20696,1,13,booking,2025-10-23,"Ambiente tranquilo y agradable, igual demasiado ruido externo.",es   ,2026-04-20 19:40:47.798 -0500,neutro,0.846
19613,1,13,booking,2025-10-25,Las camas rran comodas. pero la verdad la comida se demoeo bastante.,pt   ,2026-04-20 19:40:47.798 -0500,neutro,0.906
22464,1,13,booking,2026-02-05,Eso si habia mUcho ruido en la noche. Las camas erran cómodas.,es   ,2026-04-20 19:40:47.798 -0500,neutro,1.000
21505,1,13,booking,2026-03-08,Buenas instalaciones en general. Demasiado ruido externo.,es   ,2026-04-20 19:40:47.798 -0500,neutro,0.997
22313,1,13,booking,2026-02-03,Elparqueadero fue util. Los muebles estaban algo deteriorados.,es   ,2026-04-20 19:40:47.798 -0500,neutro,1.000
21714,1,13,booking,2025-11-17,Buena relacion calidad precio. En recepcion se demoraron demasiado.,es   ,2026-04-20 19:40:47.798 -0500,neutro,1.000
19929,1,13,booking,2026-02-03,Eso si la comida se demorobastante. Buena ubicacion para moverse por la ciudad.,es   ,2026-04-20 19:40:47.798 -0500,neutro,1.000
22189,1,13,booking,2025-10-19,Todo esstuuvo bien en general. Poca variedad en el desayuno,es   ,2026-04-20 19:40:47.798 -0500,neutro,0.996
17097,1,13,booking,2026-02-19,Sin embargo demasiado ruido externo yel desayuno no fue lo esperado. Buen servicio de habitaciones.,es   ,2026-04-20 19:40:47.798 -0500,neutro,1.000
17483,1,13,booking,2026-03-17,"Todo estuvo bienen general, pero el baño estaba algo descuidado",es   ,2026-04-20 19:40:47.798 -0500,neutro,0.997
20345,1,13,booking,2026-03-11,El parqueadero fue utiil. La comida llego fria.,es   ,2026-04-20 19:40:47.798 -0500,neutro,0.993
19120,1,13,booking,2026-02-25,"Las camas eran comodas, aunque igual el precio era algo elevado para lo que ofrece.",es   ,2026-04-20 19:40:47.798 -0500,neutro,0.578
21782,1,13,booking,2026-03-02,Aunque igual el desayuno no fue lo esperado. Las camas eran comodas.,es   ,2026-04-20 19:40:47.798 -0500,neutro,0.999
17763,1,13,booking,2025-12-20,Excelente ubicación cerca a todo. pero la verdad habia humedad en el cuarto.,es   ,2026-04-20 19:40:47.798 -0500,neutro,0.999
21871,1,13,booking,2025-11-14,La verdad el wifi era muy lento. La ubicacion es muy buena.,es   ,2026-04-20 19:40:47.798 -0500,neutro,0.994
22287,1,13,booking,2026-01-16,Las camas eran cómodas. La cama no era muy comoda.,es   ,2026-04-20 19:40:47.798 -0500,neutro,0.687
18479,1,13,booking,2026-01-31,"El cuarto era amplio, pero el aire acondicionado hacia ruido.",es   ,2026-04-20 19:40:47.798 -0500,neutro,0.997
21563,1,13,booking,2026-02-07,Cumple con lo que promete. aunque no habia agua caliente en la mañana.,es   ,2026-04-20 19:40:47.798 -0500,neutro,0.536
20716,1,13,booking,2025-12-30,"El parqueadero fue util, aunque lacama no era muy comoda.",es   ,2026-04-20 19:40:47.798 -0500,neutro,0.987
21798,1,13,booking,2025-12-06,Buena ubicacion para moverse por la ciudad. aunque se escuchaba todo del pasillo y en recepción se demoraron demasiado.,es   ,2026-04-20 19:40:47.798 -0500,neutro,0.999
20434,1,13,booking,2026-02-09,Eso si habia olor raro en la habitacion. Me gusto el servicio,es   ,2026-04-20 19:40:47.798 -0500,neutro,0.993
19220,1,13,booking,2026-01-07,Aunque en recepcion se demoraron demasiado. Las toallas y ropa de cama limpias.,es   ,2026-04-20 19:40:47.798 -0500,neutro,0.948
22351,1,13,booking,2026-04-15,El personal fue amable. la verdad habia olor raro en la habitacion.,es   ,2026-04-20 19:40:47.798 -0500,neutro,1.000
19012,1,13,booking,2025-10-17,"Me gusto el servicio, sin embargo el baño tenia problemas.",es   ,2026-04-20 19:40:47.798 -0500,neutro,1.000
20697,1,13,booking,2026-02-22,Sin embargo la tv no funcionaba bien. La ubicacion es muy buenaa,es   ,2026-04-20 19:40:47.798 -0500,neutro,1.000
17469,1,13,booking,2026-03-13,"El restaurante del hotel estuvo rico, igual el wifi era muy lento.",es   ,2026-04-20 19:40:47.798 -0500,neutro,0.824
20718,1,13,booking,2026-01-12,Pero la verdad el servicio fue algo demoradoo. El cuarto era amplio.,es   ,2026-04-20 19:40:47.798 -0500,neutro,0.972
19069,1,13,booking,2025-11-03,"El parqueadero fue util, la verdad se escuchaba todo del pasillo y en recepción se demoraron demasiado.",es   ,2026-04-20 19:40:47.798 -0500,neutro,1.000
21670,1,13,booking,2026-03-16,El personal hizo todo lo posible por ayudar. Demorado el servicio de habitaciones.,es   ,2026-04-20 19:40:47.798 -0500,neutro,0.735
17788,1,13,booking,2026-02-23,Excelente ubicación cerca a todo. eso si demasiado ruido externo y el desayuno no fue lo essperado.,es   ,2026-04-20 19:40:47.798 -0500,neutro,1.000
20605,1,13,booking,2026-02-13,"Ambiente tranquilo y agradable, pero las instalaciones estan algoo viejas.",es   ,2026-04-20 19:40:47.798 -0500,neutro,0.985
21998,1,13,booking,2026-03-18,Las camas eran comodas. El aire acondicionado hacia ruido.,es   ,2026-04-20 19:40:47.798 -0500,neutro,0.971
20719,1,13,booking,2025-10-21,"Excelente ubicaciónn cerca atodo, pero la verdad se escuchaba todo del pasilllo y en recepción se demoraron demasiado.",es   ,2026-04-20 19:40:47.798 -0500,neutro,1.000
19281,1,13,booking,2026-03-05,Buenas instalaciones engeneral. El baño tenia problemas.,es   ,2026-04-20 19:40:47.798 -0500,neutro,0.999
18026,1,13,booking,2026-04-02,Pero la verdad el desayuno no fue lo esperado. Habitacion espaciosa y limpia.,es   ,2026-04-20 19:40:47.798 -0500,neutro,1.000
21542,1,13,booking,2026-03-04,"Muybuena vista desde la habitacion, pero la verdad el personal no fue muy atento.",es   ,2026-04-20 19:40:47.798 -0500,neutro,0.999
20175,1,13,booking,2025-11-02,"El parqueadero fue util, aunque igual habia mucho euido enla noche.",es   ,2026-04-20 19:40:47.798 -0500,neutro,0.918
21995,1,13,booking,2026-03-28,Buenas instalacipnes en general. aunque igual poca variedad en el dessayuno.,es   ,2026-04-20 19:40:47.798 -0500,neutro,0.989
20266,1,13,booking,2025-12-29,Buena ubicacion para moverse por la ciudad. El wifi era muy lento.,es   ,2026-04-20 19:40:47.798 -0500,neutro,0.996
17102,1,13,booking,2025-11-29,Aunque igual en recepcion se demoraron demasiado. Las camas eran comodas.,es   ,2026-04-20 19:40:47.798 -0500,neutro,1.000
18514,1,13,booking,2026-02-18,Eso sí demasiado ruido externo. Las toallas y ropa de cama limpias.,es   ,2026-04-20 19:40:47.798 -0500,neutro,0.711
18388,1,13,booking,2026-02-05,Buena experiencia en general lo recomiendo. la verdad no pude dormir bien por el ruido y la comida se demoró bastante.,es   ,2026-04-20 19:40:47.798 -0500,neutro,1.000
18126,1,13,booking,2025-12-07,Eso si la comida llego fria. Buena ubicacion para moverse por la cciudad.,es   ,2026-04-20 19:40:47.798 -0500,neutro,0.614
20651,1,13,booking,2025-12-20,Aunque igual el colchon estaba algo viejo. Buenaexperiencia en general lo recomiendo.,es   ,2026-04-20 19:40:47.798 -0500,neutro,0.604
19113,1,13,booking,2025-11-04,Pero la verdad el wifi era muy lento. La ubicacion es muy buena.,es   ,2026-04-20 19:40:47.798 -0500,neutro,0.999
21281,1,13,booking,2026-01-08,Todo estuvo bien en general. eso sí el aire acondicionado hacia ruido.,es   ,2026-04-20 19:40:47.798 -0500,neutro,0.815
17668,1,13,booking,2026-01-20,"El personal fue amable, aunque los muebles estAban algo deteriorados",es   ,2026-04-20 19:40:47.798 -0500,neutro,0.983
22458,1,13,booking,2026-01-11,Igual el aire acondicionado hacia ruido. Ek colchon era comodisimo.,es   ,2026-04-20 19:40:47.798 -0500,neutro,1.000
19917,1,13,booking,2025-10-31,Limpieza impecable. aunque igual el baño estaba algo descuidado.,es   ,2026-04-20 19:40:47.798 -0500,neutro,0.656
18286,1,13,booking,2025-10-09,"La habitacion estaba limpia, sin embargo el preciio era algo elevado para loque ofrece.",es   ,2026-04-20 19:40:47.798 -0500,neutro,1.000
19428,1,13,booking,2026-02-10,"Limpieza impecable, sin embargo la tv no funcionaba bien.",es   ,2026-04-20 19:40:47.798 -0500,neutro,0.972
20750,1,13,booking,2025-11-27,Aunque igual habia olor raro en la habitacion. Precio justo por lo que ofrece.,es   ,2026-04-20 19:40:47.798 -0500,neutro,0.999
18976,1,13,booking,2026-02-16,Me parecio un hotel muy completo. pero la verdad rl wifi era muy lento.,es   ,2026-04-20 19:40:47.798 -0500,neutro,1.000
19989,1,13,booking,2026-02-12,Ambiente tranquilo y agradable. pero la verdad en recepcion se demoraron demasiado.,es   ,2026-04-20 19:40:47.798 -0500,neutro,1.000
19580,1,13,booking,2026-03-04,Pero la verdad las instalaciones estan algo viejas. Buena experiencia en general lo recomiiendo.,es   ,2026-04-20 19:40:47.798 -0500,neutro,0.830
19034,1,13,booking,2025-11-04,"Cumple con lo que promete, eso si demasiado ruido externo y el desayuno no fue lo esperado",es   ,2026-04-20 19:40:47.798 -0500,neutro,0.795
17720,1,13,booking,2026-01-30,La ubicación es muy buena. Rl baño estaba algo descuidado.,es   ,2026-04-20 19:40:47.798 -0500,neutro,0.751
21633,1,13,booking,2026-03-05,"Las toallas y eopa de cama limpias, la verdad el colchon estaba algo viejo.",es   ,2026-04-20 19:40:47.798 -0500,neutro,1.000
21576,1,13,booking,2026-01-06,El parqueadero fue util. pero la verdad el desayuno no fue lo esperado.,es   ,2026-04-20 19:40:47.798 -0500,neutro,0.999
20546,1,13,booking,2026-02-07,Pero la vErdad demorado el servicio de habitaciones. Me parecio un hotel muy completo.,es   ,2026-04-20 19:40:47.798 -0500,neutro,1.000
17992,1,13,booking,2025-12-17,El cuarto era amplio. pero habia mucho ruido en la noche.,es   ,2026-04-20 19:40:47.798 -0500,neutro,0.998
20746,1,13,booking,2025-11-05,Muy buenhotel en general. eso si demorado el servicio de habitaciones y el ascensor tardaba mucho.,es   ,2026-04-20 19:40:47.798 -0500,neutro,1.000
22146,1,13,booking,2026-01-18,Burna experiencia en general lo recomiendo. El servicio fue algo demorado.,es   ,2026-04-20 19:40:47.798 -0500,neutro,0.990
22159,1,13,booking,2026-01-14,"Cumple con lo que promete, sin embargo habia humrdad en el cuarto.",es   ,2026-04-20 19:40:47.798 -0500,neutro,1.000
20887,1,13,booking,2026-02-14,Todo estuvo bien en general. La cama no era muy comoda.,es   ,2026-04-20 19:40:47.798 -0500,neutro,0.996
19758,1,13,booking,2025-11-25,La recepcion fue muy cordial. Demasiado euido externo y el desayuno no fue lo esperado.,es   ,2026-04-20 19:40:47.798 -0500,neutro,1.000
19029,1,13,booking,2026-01-29,"La ubicacion es muy buena, sin embargo el personal no fue muy atento.",es   ,2026-04-20 19:40:47.798 -0500,neutro,1.000
17334,1,13,booking,2026-02-10,Buena relacióncalidad precio. Poca variedad en el desayuno.,es   ,2026-04-20 19:40:47.798 -0500,neutro,0.980
20790,1,13,booking,2026-02-27,Pero la verdad la cama no rra muy comoda. El personal fuemuy amable.,es   ,2026-04-20 19:40:47.798 -0500,neutro,0.997
20762,1,13,booking,2025-11-20,Muy buena vista desde la habitacion. sin embargo habia mucho ruido en la noche.,es   ,2026-04-20 19:40:47.798 -0500,neutro,0.919
21811,1,13,booking,2026-03-07,"La habitación estaba limpia, eso sí demasiado ruido externo.",es   ,2026-04-20 19:40:47.798 -0500,neutro,0.982
21238,1,13,booking,2025-12-23,El personal fue muy amable. pero se escuchaba todo del pasillo.,es   ,2026-04-20 19:40:47.798 -0500,neutro,0.567
19026,1,13,booking,2026-04-17,La verdad se escuchaba tpdo delpasillo. Las camas erancómodas.,es   ,2026-04-20 19:40:47.798 -0500,neutro,0.992
17382,1,13,booking,2025-11-16,Eso sí nopufe dormir bien por el ruido. Las camas eran cómodas.,es   ,2026-04-20 19:40:47.798 -0500,neutro,1.000
22220,1,13,booking,2026-02-18,La verdad habia olor raro en la habitacion. El colchon era comodisimo.,es   ,2026-04-20 19:40:47.798 -0500,neutro,0.999
20180,1,13,booking,2025-10-17,El peesonal fue muy amable. El bano tenia problemas.,es   ,2026-04-20 19:40:47.798 -0500,neutro,0.999
18570,1,13,booking,2025-10-15,"Buenas instalaciones en general, pero la verdad el parqueAdero era muy pequeño.",es   ,2026-04-20 19:40:47.798 -0500,neutro,0.967
22273,1,13,booking,2026-02-06,Pero la verdad la tv mo funcionabaa bien. Buenservicio de habitaciones.,es   ,2026-04-20 19:40:47.798 -0500,neutro,0.688
19620,1,13,booking,2026-01-24,"Todo estuvo bien en general, eso si se escuchaba todo del pasillo y en recepción se demoraron demasiado.",es   ,2026-04-20 19:40:47.798 -0500,neutro,1.000
17575,1,13,booking,2026-03-01,Rxcelente ubicacion cerca a todo. pero el bañotenia problemas.,es   ,2026-04-20 19:40:47.798 -0500,neutro,0.997
19207,1,13,booking,2026-01-16,La verdad el personal no fue muy atento. Me gustó el servicio.,es   ,2026-04-20 19:40:47.798 -0500,neutro,0.999
17906,1,13,booking,2026-01-05,Pero los muebles estabam algo deteriorrados. El colchon era comodisimo.,es   ,2026-04-20 19:40:47.798 -0500,neutro,0.973
22193,1,13,booking,2026-04-07,"Muy burna vista desde lahabitacion, igual demasiado ruido externo y el desayuno no fue lo esperado.",es   ,2026-04-20 19:40:47.798 -0500,neutro,0.999
22167,1,13,booking,2026-03-22,"Me parecio un hotel muy commpleeto, la verdad habia olor raro en la habitacion y los muebles estaban algo deteriorados.",es   ,2026-04-20 19:40:47.798 -0500,neutro,0.990
20314,1,13,booking,2026-03-15,Igual falta mantenimiento en algunas areas. Buena relación calidad precio.,es   ,2026-04-20 19:40:47.798 -0500,neutro,0.999
19981,1,13,booking,2025-12-30,Las camas rran comodas. Se escuchaba todo del pasillo y el baño tenÍa problemas.,es   ,2026-04-20 19:40:47.798 -0500,neutro,0.988
19495,1,13,booking,2026-03-06,El personal fue muy amable. eso si el baño tenia problemas.,es   ,2026-04-20 19:40:47.798 -0500,neutro,1.000
17794,1,13,booking,2026-01-19,"Buenas instalaciones en general, pero la verdad falta mantenimiento en algunas areas.",es   ,2026-04-20 19:40:47.798 -0500,neutro,0.984
20645,1,13,booking,2025-12-07,Todo estuvoo bien en genersl. la verdad el colchon estaba algo viejo.,es   ,2026-04-20 19:40:47.798 -0500,neutro,0.905
19112,1,13,booking,2025-12-23,Las camas eran comodas. pero la verdad elpersonal no fue muy atento.,es   ,2026-04-20 19:40:47.798 -0500,neutro,0.892
18386,1,13,booking,2026-02-20,Eso sí el wifi eea muy lento. Muy buen hotel en general,es   ,2026-04-20 19:40:47.798 -0500,neutro,1.000
18837,1,13,booking,2026-01-13,Buena relación calidad precio. Poca variedad en el desayuno.,es   ,2026-04-20 19:40:47.798 -0500,neutro,0.871
22290,1,13,booking,2025-11-10,Eso si el ascensor tardaba mucho. El personal hizo todo lo posible por ayudar.,es   ,2026-04-20 19:40:47.798 -0500,neutro,1.000
19295,1,13,booking,2025-12-31,"La piscina estaba muy bien, la verdad las instalaciones estan algo viejas.",es   ,2026-04-20 19:40:47.798 -0500,neutro,0.623
17671,1,13,booking,2025-12-26,Buena experiencia en general lo recomiendo. pero la verdad la puerta no cerraba bien.,es   ,2026-04-20 19:40:47.798 -0500,neutro,0.737
21334,1,13,booking,2025-11-18,Habitacion espaciosa y limpia. La cama no era muy comoda.,es   ,2026-04-20 19:40:47.798 -0500,neutro,0.990
20783,1,13,booking,2026-03-17,La ubicaciones muy buena. Elpersonal no fue muy atento.,es   ,2026-04-20 19:40:47.798 -0500,neutro,1.000
21336,1,13,booking,2026-03-03,Pero demasiado ruido externo. Muy buen hotel en general.,es   ,2026-04-20 19:40:47.798 -0500,neutro,0.971
22047,1,13,booking,2025-11-08,Aunque falta mantenimiento en algunas areas. Muy buen hotel en general.,es   ,2026-04-20 19:40:47.798 -0500,neutro,0.979
18372,1,13,booking,2026-01-13,Aunque igual el aire acondicionado hacia ruido. Buenas instalaciones en general.,es   ,2026-04-20 19:40:47.798 -0500,neutro,1.000
17805,1,13,booking,2025-12-20,Las toallas y ropa de cama limpias. No pude dormir bien porel ruido y la comida se demoró bastante.,es   ,2026-04-20 19:40:47.798 -0500,neutro,0.569
22008,1,13,booking,2025-12-06,"Todo estuvo bien en general, eso sí no pude dormir bien por el ruido.",es   ,2026-04-20 19:40:47.798 -0500,neutro,0.999
21590,1,13,booking,2026-02-14,Me gusto el servicio.La tv no funcionaba bien.,es   ,2026-04-20 19:40:47.798 -0500,neutro,0.995
20540,1,13,booking,2025-12-23,Eso sí el baño estaba algo descuidado y el personal no fue muy atEnto. Me gustó el servicio.,es   ,2026-04-20 19:40:47.798 -0500,neutro,1.000
19359,1,13,booking,2025-12-22,"Ambiente ttranquilo y agradable, aunque igual poca variedad en el desayuno.",es   ,2026-04-20 19:40:47.798 -0500,neutro,0.937
21720,1,13,booking,2026-02-25,Aunque en recepcipn se demorsron demasiado. El personal super amable y atento.,es   ,2026-04-20 19:40:47.798 -0500,neutro,0.719
20553,1,13,booking,2026-01-06,"Las camas eran cómodas, aunque falta mantenimiento en algunas areas.",es   ,2026-04-20 19:40:47.798 -0500,neutro,0.655
22162,1,13,booking,2025-12-04,"Ambiente tranquilo y agradable, aunque igual la limpieza ppodria mejorar.",es   ,2026-04-20 19:40:47.798 -0500,neutro,0.512
18748,1,13,booking,2026-02-11,Megusto el servicio. Habia mucho ruidoen la noche.,es   ,2026-04-20 19:40:47.798 -0500,neutro,1.000
17609,1,13,booking,2026-01-12,La habitación estaba limpia. Demasiado ruido externo y el desayuno no fue lo esperado.,es   ,2026-04-20 19:40:47.798 -0500,neutro,0.851
20468,1,13,booking,2025-10-24,Buena relacion calidadprecio. Poca variedad en el desayuno.,es   ,2026-04-20 19:40:47.798 -0500,neutro,0.956
18739,1,13,booking,2026-03-06,Las camas eran comodas. Demorado el servicio de habitaciones.,es   ,2026-04-20 19:40:47.798 -0500,neutro,0.982
21722,1,13,booking,2025-12-03,La habitacion estaba limpia. pero el aire acondicionado hacia ruido.,es   ,2026-04-20 19:40:47.798 -0500,neutro,1.000
21845,1,13,booking,2026-01-01,"Las toallas y ropa de cama limpias, igual habia mucho ruido en la noche.",es   ,2026-04-20 19:40:47.798 -0500,neutro,0.999
21048,1,13,booking,2026-03-20,"Larecepcion fue muy cordial, pero poca variedad en el desayuno.",es   ,2026-04-20 19:40:47.798 -0500,neutro,0.999
17500,1,13,booking,2026-02-09,El collchon era comodisimo. eso sí el baño estaba algo descuidado.,es   ,2026-04-20 19:40:47.798 -0500,neutro,0.996
19199,1,13,booking,2026-01-21,Elpersonal hizo todo lo posible por ayudar. pero la verdad habia mucho ruido en la noche.,es   ,2026-04-20 19:40:47.798 -0500,neutro,0.987
21522,1,13,booking,2025-10-01,El colchon era comodisimo. Los muebles estaban algo deteriorados.,es   ,2026-04-20 19:40:47.798 -0500,neutro,0.999
20046,1,13,booking,2025-11-03,"El check in fue rapido, eso si el parqueadero eramuy pequeño.",es   ,2026-04-20 19:40:47.798 -0500,neutro,1.000
19753,1,13,booking,2026-02-11,"Me gusto el servicio, pero la puerta no cerraba bienn.",es   ,2026-04-20 19:40:47.798 -0500,neutro,0.860
19665,1,13,booking,2025-11-09,Buena ubicacion para moverse por la ciudad. El desayuno no fue lo esperado.,es   ,2026-04-20 19:40:47.798 -0500,neutro,1.000
17125,1,13,booking,2026-03-21,Pero no pude doemir bien por el ruido y la comida se demoró bastante. La recepcion fue muy cordial.,es   ,2026-04-20 19:40:47.798 -0500,neutro,1.000
21592,1,13,booking,2025-12-18,"Muy buen hotel en general, pero el bano tenia problemas.",es   ,2026-04-20 19:40:47.798 -0500,neutro,1.000
18812,1,13,booking,2026-02-14,Muy bien ubicado cerca al centRo.eso si no pude dormir bien por el ruido y la comida se demoró bastante.,es   ,2026-04-20 19:40:47.798 -0500,neutro,1.000
22135,1,13,booking,2025-10-26,Pero la verdad demorado el servicio de habitaciones. La ubicacion es muy buena.,es   ,2026-04-20 19:40:47.798 -0500,neutro,1.000
20798,1,13,booking,2025-11-13,La piscina estaba muy bien. La puerta no cerrabaa bien.,es   ,2026-04-20 19:40:47.798 -0500,neutro,0.818
17577,1,13,booking,2026-04-09,Aunque igual el baño estaba algo descuidado. La atencion fue excelente.,es   ,2026-04-20 19:40:47.798 -0500,neutro,0.998
22074,1,13,booking,2025-11-18,Eso sí el ascensor tardaba mucho. Precio justo por lo que ofrece.,es   ,2026-04-20 19:40:47.798 -0500,neutro,0.990
18337,1,13,booking,2025-11-13,El colchon era comodisimo. Poca variedad enel desayuno.,es   ,2026-04-20 19:40:47.798 -0500,neutro,0.999
21879,1,13,booking,2026-02-04,Me gusto el servicio. No pude dormir bien por el ruido.,es   ,2026-04-20 19:40:47.798 -0500,neutro,1.000
17565,1,13,booking,2025-12-20,Lastoallas y ropa de cama limpias. Problemas con el agua caliente.,es   ,2026-04-20 19:40:47.798 -0500,neutro,0.747
18059,1,13,booking,2026-01-15,"La habitación estaba limpia, eso sí demorado ell servicio de habitaciones.",es   ,2026-04-20 19:40:47.798 -0500,neutro,1.000
21094,1,13,booking,2025-11-22,Sin embargo el personal no fue muy atento. Buenas instalaciones en general.,es   ,2026-04-20 19:40:47.798 -0500,neutro,0.972
20393,1,13,booking,2026-01-18,Pero no pude dormir bien por el ruido y la comida se demoró bastante. Muy bien ubicado cerca al centro.,es   ,2026-04-20 19:40:47.798 -0500,neutro,1.000
18132,1,13,booking,2025-10-26,El personal super amable y atento. La comida se demoro bastante.,es   ,2026-04-20 19:40:47.798 -0500,neutro,1.000
21604,1,13,booking,2025-11-12,Aunque igual el desayuno no fue lo espeeado. Muy buena vista desde la habitacion.,es   ,2026-04-20 19:40:47.798 -0500,neutro,0.956
20409,1,13,booking,2025-10-05,El parqueadero fue util. aunque igual el servicio fue algo demorrado.,es   ,2026-04-20 19:40:47.798 -0500,neutro,0.901
22259,1,13,booking,2026-04-15,Aunque igual las instalaciones estan algo viejas. Muy buen hotel en general.,es   ,2026-04-20 19:40:47.798 -0500,neutro,0.940
20486,1,13,booking,2026-04-16,Las camas eran comodas. igual habia humedad en el cuarto.,es   ,2026-04-20 19:40:47.798 -0500,neutro,0.991
20793,1,13,booking,2026-02-24,Sin embargo el aire acondicionadohaciaa ruido. Habitacion espaciosa y limpia.,es   ,2026-04-20 19:40:47.798 -0500,neutro,1.000
20247,1,13,booking,2025-12-19,La habitación estaba limpia. El bano tenia problemas.,es   ,2026-04-20 19:40:47.798 -0500,neutro,0.979
17979,1,13,booking,2026-01-21,Pero el colchon estaba algo viejo. Las camas eran comodas.,es   ,2026-04-20 19:40:47.798 -0500,neutro,0.991
19973,1,13,booking,2026-01-29,Buena relacion calidad precio. igual habia humedad en el cuarto.,es   ,2026-04-20 19:40:47.798 -0500,neutro,0.980
18033,1,13,booking,2025-12-23,Buena relacion calidad precio. pero la verdad el baño estaba algo descuidado.,es   ,2026-04-20 19:40:47.798 -0500,neutro,0.993
20836,1,13,booking,2025-12-02,Muybien ubicado cerca al centro. El personal no fue muy atento.,es   ,2026-04-20 19:40:47.798 -0500,neutro,0.900
18083,1,13,booking,2026-02-23,El personal fue amable. Se escuchaba todo del pasillo y en recepción se demoraron demasiado.,es   ,2026-04-20 19:40:47.798 -0500,neutro,0.973
19201,1,13,booking,2026-02-23,El dessyuno estuvo muy rico. pero la verdad demasiado ruido externo y el desayuno no fue lo esperado.,es   ,2026-04-20 19:40:47.798 -0500,neutro,0.997
19693,1,13,booking,2025-11-02,Sin embargo se escuchabatodo del pasillo y el baño tenía problemas. Precuo justo por lo que ofrece.,es   ,2026-04-20 19:40:47.798 -0500,neutro,0.969
18809,1,13,booking,2026-02-26,Me gustó el servicio. eso sí el personal no fue muy atento.,es   ,2026-04-20 19:40:47.798 -0500,neutro,0.998
20766,1,13,booking,2026-04-02,Ambiente tranquilo y agradable. sin embargo el precio era algo elevado para lo que ofrece.,es   ,2026-04-20 19:40:47.798 -0500,neutro,0.990
20101,1,13,booking,2025-11-17,El restaurante del hotel estuvo rico. aunque igual la cama no era muy comoda.,es   ,2026-04-20 19:40:47.798 -0500,neutro,0.670
20065,1,13,booking,2026-04-15,"El colchon era comodisimo, aunque igual el aire acondicionadohacia ruido.",es   ,2026-04-20 19:40:47.798 -0500,neutro,0.999
18248,1,13,booking,2026-01-02,La verdad la lumpieza podria mejorar. El wifi funcionaba bien.,es   ,2026-04-20 19:40:47.798 -0500,neutro,0.942
17468,1,13,booking,2025-12-19,Excelente ubicacion cerca a todo. En recepcion se demoraron demasiado.,es   ,2026-04-20 19:40:47.798 -0500,neutro,0.985
21853,1,13,booking,2026-04-06,El personal hizo todo lo posible por ayudar. pero demasiado ruido externo y el desayuno no fue lo esperado.,es   ,2026-04-20 19:40:47.798 -0500,neutro,0.541
17994,1,13,booking,2026-01-09,Me parecio un hotel muy completo. la verdad los muebles estaban algo deteriorados.,es   ,2026-04-20 19:40:47.798 -0500,neutro,1.000
20161,1,13,booking,2026-04-08,Las toallas y ropa de cama limpias. pero el precio era algo elevado para lo que ofrece y el desayuno no fue lo esperado.,es   ,2026-04-20 19:40:47.798 -0500,neutro,0.988
17299,1,13,booking,2025-10-29,Eso sí el baño tenia problemas. El personal fue amable.,es   ,2026-04-20 19:40:47.798 -0500,neutro,1.000
20653,1,13,booking,2025-12-08,Pero la verdad el personal no fue muy atento. Muy buuena vista desde la habitacion.,es   ,2026-04-20 19:40:47.798 -0500,neutro,1.000
21987,1,13,booking,2025-12-13,Ambiente tranquilo y agradablle. sin embargo el precio era algo elevado para lo que ofrece.,es   ,2026-04-20 19:40:47.798 -0500,neutro,0.988
17765,1,13,booking,2026-02-01,El parqueadero fue util. sin embargo habia humedad em el cuarto y el parqueadero era muy pequeno,es   ,2026-04-20 19:40:47.798 -0500,neutro,1.000
20672,1,13,booking,2026-02-20,Eso sí demorado el servicio de habitaciones. El ppersonal fue amable.,es   ,2026-04-20 19:40:47.798 -0500,neutro,1.000
21348,1,13,booking,2025-12-12,"Me gusto el servicio, pero el cuarto era muy pequeño.",es   ,2026-04-20 19:40:47.798 -0500,neutro,0.668
19872,1,13,booking,2026-03-20,Muy bienubicado cerca al cenntro. Los muebles estaban algo deteriorados.,es   ,2026-04-20 19:40:47.798 -0500,neutro,0.999
18025,1,13,booking,2026-04-03,Lss toallas y ropa de cama limpias. aunque se escuchaba todo del pasillo y el baño tenía problemas.,es   ,2026-04-20 19:40:47.798 -0500,neutro,1.000
17645,1,13,booking,2026-02-09,Buenas instalaciones en general. eso si habia mucho ruido en la noche.,es   ,2026-04-20 19:40:47.798 -0500,neutro,1.000
18344,1,13,booking,2025-11-10,Igual el aire acondicionado hacia ruido. Buenas instalaciones en general.,es   ,2026-04-20 19:40:47.798 -0500,neutro,0.999
20759,1,13,booking,2026-01-17,Ambiente tranquilo y agradable. En recepcipn se demoraron demasiado.,es   ,2026-04-20 19:40:47.798 -0500,neutro,0.891
18622,1,13,booking,2025-10-04,"Habitacion espaciosa y limpia, la verdad la cama no era muy comoda.",es   ,2026-04-20 19:40:47.798 -0500,neutro,0.999
18615,1,13,booking,2025-12-28,El personal fue amable. El precio era algo elevado para lo que ofrece.,es   ,2026-04-20 19:40:47.798 -0500,neutro,0.627
18201,1,13,booking,2026-01-09,Precio justo por lo que ofrece. En recepcion se demoraron demasiado.,es   ,2026-04-20 19:40:47.798 -0500,neutro,0.747
17110,1,13,booking,2025-12-16,Las camas eran comodas. igual el dessyuno no fue lo esperado.,es   ,2026-04-20 19:40:47.798 -0500,neutro,0.756
19173,1,13,booking,2026-03-14,Buena ubicacion para moverse por la ciudad. Se escuchaba todo del pasillo y en recepción se demoraron demasiado.,es   ,2026-04-20 19:40:47.798 -0500,neutro,1.000
18295,1,13,booking,2025-10-14,Todo estuvvo bien en general. El precio era algo elevado para lo que ofrece.,es   ,2026-04-20 19:40:47.798 -0500,neutro,1.000
22445,1,13,booking,2026-03-24,Todo estuvo bien en general. eso sí el baño tenia problemas.,es   ,2026-04-20 19:40:47.798 -0500,neutro,1.000
20899,1,13,booking,2026-01-12,Precio justo por lo que ofrece. La limpieza podria mejorar.,es   ,2026-04-20 19:40:47.798 -0500,neutro,0.605
18447,1,13,booking,2025-11-18,Aunque se escuchaba todo del pasillo. Buena relación calidad precio.,es   ,2026-04-20 19:40:47.798 -0500,neutro,0.941
18644,1,13,booking,2025-10-18,"Me gustó el servicioo, eso sí falta mantenimiento en algunas areas.",es   ,2026-04-20 19:40:47.798 -0500,neutro,1.000
21543,1,13,booking,2026-01-08,Todo estuvo bien en general. sin embargo poca variedad en el desayuno.,es   ,2026-04-20 19:40:47.798 -0500,neutro,0.934
18040,1,13,booking,2026-01-27,"La ubicacion es muy buena, la verdad la puerta no cerraba bien.",es   ,2026-04-20 19:40:47.798 -0500,neutro,1.000
20452,1,13,booking,2025-10-09,"Las camas eran comodas, pero había mucho ruido en la nochE y la atenciónn pudo ser mejor.",es   ,2026-04-20 19:40:47.798 -0500,neutro,0.973
17738,1,13,booking,2026-03-06,El personal fue muy amable. No pude dormir bien por el ruido y la comida se demoró bastante.,es   ,2026-04-20 19:40:47.798 -0500,neutro,1.000
17319,1,13,booking,2026-03-14,"Todo estuvo bien en general, pero el precio era algo elevado para loque ofrece.",es   ,2026-04-20 19:40:47.798 -0500,neutro,0.973
21529,1,13,booking,2025-11-27,La verdad el baño estaba algo descuidado. La recepcion fue muy cordial.,es   ,2026-04-20 19:40:47.798 -0500,neutro,0.997
19492,1,13,booking,2026-03-23,"Habitacion espaciosa y limpia, igual el servicio fue algo demorado.",es   ,2026-04-20 19:40:47.798 -0500,neutro,0.720
18131,1,13,booking,2025-12-22,"La habitacion estaba limpia, eso si falta mantenimiento en algunas areas.",es   ,2026-04-20 19:40:47.798 -0500,neutro,1.000
17544,1,13,booking,2025-12-31,Todo estuvo bien en general. pero la verdad el colchon estaba algo viejo.,es   ,2026-04-20 19:40:47.798 -0500,neutro,0.991
19986,1,13,booking,2025-12-06,El parqueadero fue util. No pude dormir bien por el ruido.,es   ,2026-04-20 19:40:47.798 -0500,neutro,0.973
17189,1,13,booking,2025-12-28,Pero la verdad los muebles estaban algo deteriorados. Muy bien ubicado cerca al centro.,es   ,2026-04-20 19:40:47.798 -0500,neutro,0.997
20967,1,13,booking,2026-01-10,Igual la puerta no cerraba bien. La ubicación es muy buena.,es   ,2026-04-20 19:40:47.798 -0500,neutro,0.635
18879,1,13,booking,2025-11-22,Eso si se escuchaba todo del pasillo y el baño tenía problemas. El restaurante del hotel estuvo rico.,es   ,2026-04-20 19:40:47.798 -0500,neutro,1.000
18208,1,13,booking,2025-12-16,Las camas eran cómodas. pero la verdad se escuchaba todo del pasillo y en recepción se demoraron demasiado.,es   ,2026-04-20 19:40:47.798 -0500,neutro,1.000
19830,1,13,booking,2025-11-10,Todo estuvobien en geneeral. aunque en recepcion se demoraron demasiado.,es   ,2026-04-20 19:40:47.798 -0500,neutro,0.970
19461,1,13,booking,2026-02-04,"La recepcion fue muy cordial, sin embargo demasiado ruido externo y el desayuno no fue lo esperado.",es   ,2026-04-20 19:40:47.798 -0500,neutro,1.000
20010,1,13,booking,2026-04-11,Todo estuvo bien en general. igual el personal no fue muy atento.,es   ,2026-04-20 19:40:47.798 -0500,neutro,0.998
17832,1,13,booking,2026-03-18,Pero la verdad el servicio fue algo demorado. El wififuncionaba bien.,es   ,2026-04-20 19:40:47.798 -0500,neutro,0.998
19408,1,13,booking,2026-02-19,Igual el personal no fue muy atento. Buenas instalaciones en geneeal.,es   ,2026-04-20 19:40:47.798 -0500,neutro,1.000
19653,1,13,booking,2026-02-03,Muy buen hootel engeneral. eso si no pude dormir bien por el ruido.,es   ,2026-04-20 19:40:47.798 -0500,neutro,1.000
21835,1,13,booking,2025-11-29,Aunque igual se escuchaba todo del pasillo y en recepcion se demoraron demasiado. La ubicación esmuy buena.,es   ,2026-04-20 19:40:47.798 -0500,neutro,1.000
17986,1,13,booking,2026-04-18,"Me gustó el servicio, pero la comida se demoro bastante.",es   ,2026-04-20 19:40:47.798 -0500,neutro,0.975
18696,1,13,booking,2026-01-29,La habitacion estaba limpia. eso sí poca vAriedad en el desayuno.,es   ,2026-04-20 19:40:47.798 -0500,neutro,1.000
20470,1,13,booking,2026-02-19,Eso si drmasiado ruido externo. Buenas instalaciones en general.,es   ,2026-04-20 19:40:47.798 -0500,neutro,1.000
17823,1,13,booking,2026-03-15,La verdad las instalaciones eStan algo viejas. La habitacion estaba limpia.,es   ,2026-04-20 19:40:47.798 -0500,neutro,1.000
17553,1,13,booking,2026-01-06,El personal fue muy amable. aunque el colchon estaba algo viejo.,es   ,2026-04-20 19:40:47.798 -0500,neutro,0.834
19433,1,13,booking,2025-10-24,Igual se escuchaba todo del pasillo y el baño tenía problemas. Buena ubicacion para moverse por la ciudad.,es   ,2026-04-20 19:40:47.798 -0500,neutro,1.000
21725,1,13,booking,2025-10-19,Eso silas instalaciones estan aLgo viejas. La piscina estaba muy bien.,es   ,2026-04-20 19:40:47.798 -0500,neutro,1.000
19028,1,13,booking,2026-03-05,"El personal fue amable, pero la verdad había mucho ruido en la noche y la atención pudo ser mejor.",es   ,2026-04-20 19:40:47.798 -0500,neutro,0.964
20823,1,13,booking,2025-10-16,Pero la verdad se escuchaba toDo del pasillo y el bañotenía problemas. Muy bonitas lasareas comunes.,es   ,2026-04-20 19:40:47.798 -0500,neutro,1.000
20936,1,13,booking,2026-02-14,Buena experiencia en general lo recomiendo. No pude doemir bien por el ruido y la comida se demorró bastante.,es   ,2026-04-20 19:40:47.798 -0500,neutro,1.000
22148,1,13,booking,2025-10-12,El parqueadero fue util. No pude dormir bien por el ruido.,es   ,2026-04-20 19:40:47.798 -0500,neutro,0.973
22110,1,13,booking,2026-02-22,Buena experiencia en general lo recomiendo. Poca variedad en el desayuno y la tv no funcionaba bien.,es   ,2026-04-20 19:40:47.798 -0500,neutro,0.736
19745,1,13,booking,2025-12-23,"Las camas eran comodas, sin embargo el personal no fue muy atento.",es   ,2026-04-20 19:40:47.798 -0500,neutro,0.995
18111,1,13,booking,2025-10-14,Me gustóel servicio. la verdad la tv no funcionaba bien.,es   ,2026-04-20 19:40:47.798 -0500,neutro,0.998
22192,1,13,booking,2025-10-09,"Muy buen hotel en general, eso sí los muebles estaban algo deteriorados.",es   ,2026-04-20 19:40:47.798 -0500,neutro,1.000
21949,1,13,booking,2026-02-13,El parqueadero fue util. eso sí no pude dormir bien por el ruido y la comida se demoró bastante.,es   ,2026-04-20 19:40:47.798 -0500,neutro,0.794
20773,1,13,booking,2025-11-03,"Me gustó el servicio, pero la verdad la cama no era muy comoda.",es   ,2026-04-20 19:40:47.798 -0500,neutro,0.519
21318,1,13,booking,2025-11-10,Las camas eran comodas. La comida llego fria.,es   ,2026-04-20 19:40:47.798 -0500,neutro,0.995
19400,1,13,booking,2025-10-15,La ubicacion es muy buena. No habia agua caliente en la mañana.,es   ,2026-04-20 19:40:47.798 -0500,neutro,0.996
19473,1,13,booking,2025-11-24,Muy buena vista desde la habitacion. pero la verdad no habia agua caliente en la mañana.,es   ,2026-04-20 19:40:47.798 -0500,neutro,0.999
19050,1,13,booking,2025-12-31,La ubicacion es muy buena. El servicio fue algo demorado.,es   ,2026-04-20 19:40:47.798 -0500,neutro,1.000
19908,1,13,booking,2025-12-11,"Las toallas y ropa de cama limpias, pero habia mucho ruido en la noche.",es   ,2026-04-20 19:40:47.798 -0500,neutro,0.998
20587,1,13,booking,2026-04-06,El cuarto era amplio. La cama no era muy comoda.,es   ,2026-04-20 19:40:47.798 -0500,neutro,0.992
19866,1,13,booking,2026-02-04,Kas camas eean comodas. Habia humedad en elcuarto.,es   ,2026-04-20 19:40:47.798 -0500,neutro,0.996
18075,1,13,booking,2026-03-09,Igual habia olor raro en la habitacion. La piscina estaba muuybien.,es   ,2026-04-20 19:40:47.798 -0500,neutro,0.998
17220,1,13,booking,2026-03-09,Pero la verdad se escuchaba todo del pasillo yel baño teNía problemas. Muy buena vista desde la habitacion.,es   ,2026-04-20 19:40:47.798 -0500,neutro,1.000
18221,1,13,booking,2026-02-04,"Me gustó el servicio, sin embargo el personal no fue muy atento.",es   ,2026-04-20 19:40:47.798 -0500,neutro,0.997
19377,1,13,booking,2026-03-20,Precio justo por lo queofrece. eso sí problemas con el aguua caliente.,es   ,2026-04-20 19:40:47.798 -0500,neutro,0.521
19111,1,13,booking,2026-02-13,Igual en recepcion se demorarondemasiado. Todo estuvo bien engeneral.,es   ,2026-04-20 19:40:47.798 -0500,neutro,1.000
19129,1,13,booking,2025-10-27,"El desayuno estuvo muy rico, la verdad el bano tenia problemas.",es   ,2026-04-20 19:40:47.798 -0500,neutro,1.000
20662,1,13,booking,2025-12-31,La atencion fue excelente. pero la verdad el wifi era muylento.,es   ,2026-04-20 19:40:47.798 -0500,neutro,1.000
21159,1,13,booking,2025-11-29,El check in fue rapido. El ascensor tardaba mucho.,es   ,2026-04-20 19:40:47.798 -0500,neutro,0.955
18224,1,13,booking,2026-02-27,Pero la verdad demasiado ruido externo y el desayuno no fue lo esperado. Me gusto el servicio.,es   ,2026-04-20 19:40:47.798 -0500,neutro,1.000
20755,1,13,booking,2026-03-07,Buena relacion calidad precio. El servicio fue algo demorado,es   ,2026-04-20 19:40:47.798 -0500,neutro,0.995
21453,1,13,booking,2025-12-15,"El cuartoera amplio, igual habia mucho ruido en la noche.",es   ,2026-04-20 19:40:47.798 -0500,neutro,1.000
17780,1,13,booking,2025-11-01,El personal fue amable. eso si el baño estaba algo descuidado.,es   ,2026-04-20 19:40:47.798 -0500,neutro,0.999
20640,1,13,booking,2025-12-03,El wifi funcionaba bien. eso sí habia olor raro en la habitacionn.,es   ,2026-04-20 19:40:47.798 -0500,neutro,0.634
17062,1,13,booking,2025-10-03,Muy bonitas las aeeas comunes. la verdad problemas con el agua caliente.,es   ,2026-04-20 19:40:47.798 -0500,neutro,0.999
22352,1,13,booking,2025-10-03,Pero demorado el servicio de habitaciones. Muy buena vista desde la habitacion.,es   ,2026-04-20 19:40:47.798 -0500,neutro,1.000
18967,1,13,booking,2026-04-02,El cplchon era comodisimo. igual demasiado ruido externo y el desayuno no fue lo esperado.,es   ,2026-04-20 19:40:47.798 -0500,neutro,1.000
18182,1,13,booking,2025-11-22,Todo estuvo bien en general. El baño estaba algo descuidado.,es   ,2026-04-20 19:40:47.798 -0500,neutro,0.954
17786,1,13,booking,2025-10-09,El personal hizo todo lo posible por ayudar. Habia mucho ruido en la noche.,es   ,2026-04-20 19:40:47.798 -0500,neutro,1.000
18557,1,13,booking,2026-03-03,Sin embargo el precio era algo elevado para lo que ofrece. Buena relacion calidadprecio.,es   ,2026-04-20 19:40:47.798 -0500,neutro,0.996
21620,1,13,booking,2026-04-16,La verdad habia mucho ruido en la noche. El colchon era comodisimo.,es   ,2026-04-20 19:40:47.798 -0500,neutro,1.000
21142,1,13,booking,2025-12-02,Pero la verdad falta mantenimiento en algunas areas. El personal super amable y atento.,es   ,2026-04-20 19:40:47.798 -0500,neutro,1.000
20346,1,13,booking,2025-10-18,"Buen servicio de habitaciones, pero la verdad demasiado ruido externo y el desayuno no fue lo esperado.",es   ,2026-04-20 19:40:47.798 -0500,neutro,0.645
20315,1,13,booking,2025-11-02,Las camas eran cómodas. Poca variedad enel desayuno.,es   ,2026-04-20 19:40:47.798 -0500,neutro,0.966
19357,1,13,booking,2025-12-12,"Excelente ubicacion cerca a todo, sin embargo falta mantrnimiento en algunas areas.",es   ,2026-04-20 19:40:47.798 -0500,neutro,0.671
18410,1,13,booking,2025-10-26,La ubicación es muy buena. La cama no era muy comoda.,es   ,2026-04-20 19:40:47.798 -0500,neutro,0.997
21051,1,13,booking,2025-10-18,La habitación rstabalimpia. eso si el desayuno no fue lo esperado.,es   ,2026-04-20 19:40:47.798 -0500,neutro,0.986
18359,1,13,booking,2025-10-25,Todo estuvo bien en general. La comida llego fria.,es   ,2026-04-20 19:40:47.798 -0500,neutro,0.776
22382,1,13,booking,2025-10-10,Aunque igual el servicio fue algo demorado. Me gusto el servicio.,es   ,2026-04-20 19:40:47.798 -0500,neutro,0.993
20601,1,13,booking,2025-10-14,Habitacion espaciosa y limpia. pero los muebles estaban algo deteriorados.,es   ,2026-04-20 19:40:47.798 -0500,neutro,0.999
18342,1,13,booking,2026-02-11,Pero la verdad los muebles estaban algo deteriorados. Excelente uubicacion cerca a ttodo.,es   ,2026-04-20 19:40:47.798 -0500,neutro,1.000
19545,1,13,booking,2025-10-08,Pero el colchon estaba algo viejo. Me parecio un hotel muy completo.,es   ,2026-04-20 19:40:47.798 -0500,neutro,0.994
20303,1,13,booking,2026-01-04,Todo estuvo bien en general. eso sí habia mucho ruido en la noche y la atencion pudo ser mejor.,es   ,2026-04-20 19:40:47.798 -0500,neutro,0.548
18490,1,13,booking,2025-12-10,Muy bonitas las areas comunes. No pude dormir bien por el ruido y la comida se demoró bastante.,es   ,2026-04-20 19:40:47.798 -0500,neutro,1.000
18854,1,13,booking,2026-03-11,Igual el baño tenia problemas. La ubicación es muy buena.,es   ,2026-04-20 19:40:47.798 -0500,neutro,1.000
17685,1,13,booking,2025-11-28,Las toallas y ropa de cama limpias. Falta mantenimiento en algunas areas.,es   ,2026-04-20 19:40:47.798 -0500,neutro,0.984
21582,1,13,booking,2026-02-27,"Me gusto el servicio, igual demorado el servicio de habitaciones.",es   ,2026-04-20 19:40:47.798 -0500,neutro,1.000
19997,1,13,booking,2026-02-10,La verdad poca variedad en el desayuno. La piscina estaba muy bien.,es   ,2026-04-20 19:40:47.798 -0500,neutro,0.975
20094,1,13,booking,2026-03-25,La atencionfue excelente. Lasinstalaciones estan algoviejas.,es   ,2026-04-20 19:40:47.798 -0500,neutro,1.000
20817,1,13,booking,2026-02-18,El personal superamablle y atento. la verdad el parqueadero eraa muy pequeño,es   ,2026-04-20 19:40:47.798 -0500,neutro,0.651
21371,1,13,booking,2025-12-08,Buenas instalaciones en genneral. El servicio fue algo demorado.,es   ,2026-04-20 19:40:47.798 -0500,neutro,0.999
22456,1,13,booking,2026-01-09,La ubicación es muy buena. Demasiado ruidoexterno.,es   ,2026-04-20 19:40:47.798 -0500,neutro,0.997
20960,1,13,booking,2026-04-01,Buena rekación calidad precio. El wifi era muy lento.,es   ,2026-04-20 19:40:47.798 -0500,neutro,0.999
18993,1,13,booking,2025-11-11,Todo estuvo bien en general. No pude dormir bien por el ruido.,es   ,2026-04-20 19:40:47.798 -0500,neutro,0.981
19528,1,13,booking,2026-02-11,Buena relacion calidad precio. El ascensor tardaba mucho.,es   ,2026-04-20 19:40:47.798 -0500,neutro,0.888
22478,1,13,booking,2026-03-25,Pero la cama no era muy comoda. Me gusto el servicio.,es   ,2026-04-20 19:40:47.798 -0500,neutro,1.000
19137,1,13,booking,2025-11-05,Eso sí no pude dormir bien por el ruido. El personal super amable y atento.,es   ,2026-04-20 19:40:47.798 -0500,neutro,1.000
19313,1,13,booking,2026-01-31,Me parecio un hotel muy comppletto. igual no pude dormir bien porel ruido.,es   ,2026-04-20 19:40:47.798 -0500,neutro,0.999
22208,1,13,booking,2025-12-03,Buena relacion calidad precio. aunque falta mantenimiento en algunas areas.,es   ,2026-04-20 19:40:47.798 -0500,neutro,0.878
18606,1,13,booking,2026-01-24,Muy bonitas las areas comunes. Poca variedad en el desayuno.,es   ,2026-04-20 19:40:47.798 -0500,neutro,1.000
17874,1,13,booking,2025-12-10,El cuarto era amplio. aunque igual la limpieza podria mejorar.,es   ,2026-04-20 19:40:47.798 -0500,neutro,0.944
20282,1,13,booking,2026-02-13,La habutación estaba limpia. Problemas con el agua caliente.,es   ,2026-04-20 19:40:47.798 -0500,neutro,0.962
21911,1,13,booking,2026-04-02,"La habitacion estaba limpia, aunque igual falta mantenimiento en algunas areas.",es   ,2026-04-20 19:40:47.798 -0500,neutro,0.999
22140,1,13,booking,2025-11-21,"El personal hizo todo lo posible por ayudar, sin embargo habia olor raro en la habitacion.",es   ,2026-04-20 19:40:47.798 -0500,neutro,1.000
19317,1,13,booking,2025-11-29,Pero la verdad poca variedad en el desayuno. El personal fue muy amable.,es   ,2026-04-20 19:40:47.798 -0500,neutro,1.000
19286,1,13,booking,2026-03-10,Eso si el precio era algo elevado para lo que ofrece. La recepcion fue muy cordial,es   ,2026-04-20 19:40:47.798 -0500,neutro,0.815
20334,1,13,booking,2025-12-15,"La atencuon fue excelente, sin embargo demorAdo el servicio de habitaciones.",es   ,2026-04-20 19:40:47.798 -0500,neutro,1.000
17357,1,13,booking,2026-04-16,Igual la comida llego fria. El colchon era comodisimo.,es   ,2026-04-20 19:40:47.798 -0500,neutro,1.000
21283,1,13,booking,2025-10-30,Cumple con lo que promete. Poca variedad en el desayuno.,es   ,2026-04-20 19:40:47.798 -0500,neutro,0.696
20221,1,13,booking,2025-10-06,"Todo estuvo bien en general, la verdad se escuchaba todo del pasillo y el baño tenía problemas.",es   ,2026-04-20 19:40:47.798 -0500,neutro,1.000
18752,1,13,booking,2026-04-09,"Mr parecio un hotel muy completo, sin embargo el colchon estaba algo viejo.",es   ,2026-04-20 19:40:47.798 -0500,neutro,0.998
17861,1,13,booking,2026-02-21,"Las toallas y ropa de cama limpias, sin embargo se escuchaba todo del pasillo y en recepción se demoraroN demasiado.",es   ,2026-04-20 19:40:47.798 -0500,neutro,0.996
18000,1,13,booking,2025-11-01,El desayuno estuvo muy rico. aunque el baño tenia problemas.,es   ,2026-04-20 19:40:47.798 -0500,neutro,0.518
20490,1,13,booking,2026-04-10,Buenas instalaciones en general. pero la verdad habia humedad en el cuarto.,es   ,2026-04-20 19:40:47.798 -0500,neutro,1.000
22196,1,13,booking,2025-11-24,El colchon era comodisimo. Problemas coon el agua calliente.,es   ,2026-04-20 19:40:47.798 -0500,neutro,0.964
19438,1,13,booking,2026-03-09,Me parecio un hotel muy completo. igual la tv no funcionaba bien.,es   ,2026-04-20 19:40:47.798 -0500,neutro,1.000
18304,1,13,booking,2025-12-07,Aunque el personal no fue muy atento. Precio justo por lo que ofrece.,es   ,2026-04-20 19:40:47.798 -0500,neutro,1.000
19312,1,13,booking,2026-02-23,"Muy bien ubicado cerca al centro, sin embargo el colchon estaba algo viejo.",es   ,2026-04-20 19:40:47.798 -0500,neutro,0.940
19894,1,13,booking,2025-10-22,Buen servicio de habitaciones. laverdad no habiaagua caliente en la mañana.,es   ,2026-04-20 19:40:47.798 -0500,neutro,1.000
18718,1,13,booking,2026-03-01,La habitación estaba limpia. Se escuchaba todo del pasillo y el baño tenía problemas.,es   ,2026-04-20 19:40:47.798 -0500,neutro,0.962
21249,1,13,booking,2026-03-29,Pero demoradoel servicio de habitaciones. Buena ubicacion para moverse por la ciudad.,es   ,2026-04-20 19:40:47.798 -0500,neutro,1.000
21746,1,13,booking,2026-02-13,Aunque igual el precio era algo elevado para lo que oFrece. Me parecio un hotel muy completo.,es   ,2026-04-20 19:40:47.798 -0500,neutro,0.997
18661,1,13,booking,2025-11-04,El personal super amable y atento. pero la verdad habia olor raro en la habitacion.,es   ,2026-04-20 19:40:47.798 -0500,neutro,1.000
17389,1,13,booking,2026-03-21,Igual el serVicio fuealgo demoradO. Ambientetranquilo y agradable.,es   ,2026-04-20 19:40:47.798 -0500,neutro,0.786
18783,1,13,booking,2026-04-17,Pero la verdad el servicio fue algo demorado. Muy bonitas las areas comunes.,es   ,2026-04-20 19:40:47.798 -0500,neutro,1.000
20876,1,13,booking,2026-03-26,Me gusto el servicio. eso si se escuchaba todo del pasillo y en recepción se demoraron demasiado.,es   ,2026-04-20 19:40:47.798 -0500,neutro,0.990
20250,1,13,booking,2025-10-01,El wifi funcionaba bien. sin embargo la comida se demoro bastante.,es   ,2026-04-20 19:40:47.798 -0500,neutro,0.978
17239,1,13,booking,2026-04-15,La recepcion fue muy cordial. Los muebles estaban algo deteriorados.,es   ,2026-04-20 19:40:47.798 -0500,neutro,1.000
20015,1,13,booking,2025-10-16,Buena ubicacion para moverse por la ciudad. sin embargo la comida llego fria.,es   ,2026-04-20 19:40:47.798 -0500,neutro,1.000
17864,1,13,booking,2025-11-12,"La ubicacion es muy buena, eso si demorado el servicio de habitaciones.",es   ,2026-04-20 19:40:47.798 -0500,neutro,1.000
21140,1,13,booking,2026-02-12,Pero lacomida se demoro bastAnte. La habitación estaba limpia.,es   ,2026-04-20 19:40:47.798 -0500,neutro,1.000
17099,1,13,booking,2025-11-21,El personal fue muy amable. la verdad no pude dormir bien por el ruido y la comida se ddemoró bastante.,es   ,2026-04-20 19:40:47.798 -0500,neutro,1.000
20845,1,13,booking,2026-02-17,La verdad demorado el servicio de habitaciones. El wifi funcionaba bien.,es   ,2026-04-20 19:40:47.798 -0500,neutro,0.991
20269,1,13,booking,2026-03-08,Excelente ubicacion cerca a todo. Demorado el servicio de habbitaciones.,es   ,2026-04-20 19:40:47.798 -0500,neutro,1.000
17654,1,13,booking,2026-01-22,Eso sí se escuchaba todo del pasillo y en recepción se demoraron demassiado. La habitacion estaba limpia.,es   ,2026-04-20 19:40:47.798 -0500,neutro,1.000
19099,1,13,booking,2026-04-05,Buena ubicacion para moverse por la cciuudad. eso si demasiado ruido externo y el desayuno no fue lo esperado.,es   ,2026-04-20 19:40:47.798 -0500,neutro,1.000
21585,1,13,booking,2025-10-02,El personal super amable y atento. La cama no era muy comoda.,es   ,2026-04-20 19:40:47.798 -0500,neutro,1.000
18558,1,13,booking,2026-02-01,"Buena relacioncalidad precio, eso si habia olor raro en la habitacion.",es   ,2026-04-20 19:40:47.798 -0500,neutro,1.000
19778,1,13,booking,2025-10-27,"Excelente ubicación cerca a todo, sin embargo el baño tenia problemas.",es   ,2026-04-20 19:40:47.798 -0500,neutro,0.978
20927,1,13,booking,2026-04-14,"Me gustó el servicio, igusl el bAño estaba algo descuidado",es   ,2026-04-20 19:40:47.798 -0500,neutro,0.937
17271,1,13,booking,2025-10-27,El personal fue amable. El baño estaba algo descuidado.,es   ,2026-04-20 19:40:47.798 -0500,neutro,0.976
21101,1,13,booking,2025-10-30,Aumque el bañotenia problemas. La recepcion fue muy cordial.,es   ,2026-04-20 19:40:47.798 -0500,neutro,0.999
17476,1,13,booking,2026-02-17,"La recepcion fue muy cordial, eso si falta manteniMientp en algunas areas.",es   ,2026-04-20 19:40:47.798 -0500,neutro,1.000
18706,1,13,booking,2026-01-10,Las camas eran comodas. sin embargo el baño tenia problemas.,es   ,2026-04-20 19:40:47.798 -0500,neutro,0.899
20506,1,13,booking,2026-01-20,"La recepcion fue muy cordial, igual rl servicio fuue algo demorado.",es   ,2026-04-20 19:40:47.798 -0500,neutro,1.000
18366,1,13,booking,2025-12-12,"El restaurante del hotel estuvo rico, igual demasiado ruido externo y el desayuno no fue lo esperado.",es   ,2026-04-20 19:40:47.798 -0500,neutro,0.999
20733,1,13,booking,2026-03-06,"La ubicacion es muy buena, eso si falta mantrnimiento en algunas areas.",es   ,2026-04-20 19:40:47.798 -0500,neutro,1.000
18400,1,13,booking,2025-10-27,Las toallas y ropa de cama limpias. Demasiado ruido externo.,es   ,2026-04-20 19:40:47.798 -0500,neutro,0.662
21794,1,13,booking,2026-03-11,Precio justo por lo quue ofrece. El personal no fue muy atentoo.,es   ,2026-04-20 19:40:47.798 -0500,neutro,0.991
19696,1,13,booking,2025-12-03,"Me gustó el servicio, eso si la comida sedemoro bastante y el bañño tenia problemas.",es   ,2026-04-20 19:40:47.798 -0500,neutro,1.000
17529,1,13,booking,2025-11-07,Buena relación calidad precio. pero la verdad el servicio fue algo demorado.,es   ,2026-04-20 19:40:47.798 -0500,neutro,0.999
17454,1,13,booking,2025-12-31,Pero el precio era algo elevado para lo que ofrece. La habitacion estaba limpia.,es   ,2026-04-20 19:40:47.798 -0500,neutro,0.999
18510,1,13,booking,2025-12-28,La piscina estaba muy bien. pero la verdad el precio era algo elevado para lo que ofrece.,es   ,2026-04-20 19:40:47.798 -0500,neutro,0.548
20416,1,13,booking,2026-03-02,Aunque la cama no rra muy comoda. La habitacion estaba limpia.,es   ,2026-04-20 19:40:47.798 -0500,neutro,1.000
22349,1,13,booking,2026-03-13,Buena relacióncalidad precio. Demasiado ruido externo.,es   ,2026-04-20 19:40:47.798 -0500,neutro,0.986
22113,1,13,booking,2026-03-24,La verdad las instalaciones estan algoviEjas. Precio justo por lo que ofrece.,es   ,2026-04-20 19:40:47.798 -0500,neutro,0.992
19568,1,13,booking,2026-02-02,El personal fue muyamable. No habia agua caliente en la mañana.,es   ,2026-04-20 19:40:47.798 -0500,neutro,0.998
18573,1,13,booking,2025-10-19,Muy buen hotel en general. eso sí la limpieza podria mejorar y el ascensor tardaba mucho.,es   ,2026-04-20 19:40:47.798 -0500,neutro,0.867
18788,1,13,booking,2026-02-01,Muy buen hotel en general. El wifi era muy lento y habia olor raro en la habitacion.,es   ,2026-04-20 19:40:47.798 -0500,neutro,1.000
22377,1,13,booking,2025-12-17,Me gustó el servicio. aunque igual se escuchaba todo del pasillo.,es   ,2026-04-20 19:40:47.798 -0500,neutro,0.851
19134,1,13,booking,2026-01-16,La verdad la tv no funcionaba bien. La ubicación es muy buena.,es   ,2026-04-20 19:40:47.798 -0500,neutro,0.958
17383,1,13,booking,2026-03-28,Sin embargo en recepccion se demoraron demasiado. Precio justo por lo que ofrece.,es   ,2026-04-20 19:40:47.798 -0500,neutro,0.986
21468,1,13,booking,2025-10-23,Precio justopor lo queofrece. La cama no era muy comoda.,es   ,2026-04-20 19:40:47.798 -0500,neutro,0.998
17676,1,13,booking,2025-12-28,"El wifi funcionababien, sin embargo la atencion pudo sser mejor.",es   ,2026-04-20 19:40:47.798 -0500,neutro,0.997
19740,1,13,booking,2026-01-01,Las camas eran cómodas. El personal no fue muy atento.,es   ,2026-04-20 19:40:47.798 -0500,neutro,0.984
17922,1,13,booking,2025-11-29,Las toallas y ropa de cama limpias. eso sí los muebles estaban algo deteriorados.,es   ,2026-04-20 19:40:47.798 -0500,neutro,0.995
19599,1,13,booking,2025-10-16,"El personal hizo todo lo posible por ayudar, pero en recepcion se demoraron demasiado.",es   ,2026-04-20 19:40:47.798 -0500,neutro,0.846
17320,1,13,booking,2026-01-31,La verdad no habia agua caliente en la mañana. El check in fue rapido.,es   ,2026-04-20 19:40:47.798 -0500,neutro,0.698
19516,1,13,booking,2025-12-19,Igual el wifi era muy lento. Las toallas y ropa de cama limpias.,es   ,2026-04-20 19:40:47.798 -0500,neutro,0.852
18101,1,13,booking,2025-12-11,El personal superr amable y atento. Demorado el servicio de habitaciones.,es   ,2026-04-20 19:40:47.798 -0500,neutro,1.000
20684,1,13,booking,2026-03-28,Ambiente tranquilo y agradablle. El servicio fue algo demorado.,es   ,2026-04-20 19:40:47.798 -0500,neutro,0.934
19699,1,13,booking,2026-03-11,"Me gusto el servicip, pero los muebles estaban algo deteriorados",es   ,2026-04-20 19:40:47.798 -0500,neutro,0.999
19436,1,13,booking,2026-02-28,"El check in fue rapido, eso si no pude dormir bien por el ruido.",es   ,2026-04-20 19:40:47.798 -0500,neutro,0.810
19646,1,13,booking,2025-12-09,La recepcion fue muy cordial. pero la verdad la cama no era muy comoda.,es   ,2026-04-20 19:40:47.798 -0500,neutro,1.000
19633,1,13,booking,2025-12-02,Sin embargo la puerta no cerraba bien. Muy buena vista desde la habitacion.,es   ,2026-04-20 19:40:47.798 -0500,neutro,0.997
18541,1,13,booking,2025-11-27,Igual el precio era algo elevado para lo que ofrece. Rxcelente ubicación cerca a todo.,es   ,2026-04-20 19:40:47.798 -0500,neutro,0.899
19605,1,13,booking,2025-12-19,La ubicacion es mmuy buena. Poca variedad en el desaayuno.,es   ,2026-04-20 19:40:47.798 -0500,neutro,1.000
18806,1,13,booking,2026-01-05,Todo estuvo bien en general. La comida llego fria.,es   ,2026-04-20 19:40:47.798 -0500,neutro,0.776
20682,1,13,booking,2026-01-12,Aunque se escuchaba todo del pasullo y en recepción se demoraron demasiado. Preciio justo por lo que oofrece.,es   ,2026-04-20 19:40:47.798 -0500,neutro,0.998
19414,1,13,booking,2026-01-04,El checck in fuerapido. Habia humedad en el cuarto.,es   ,2026-04-20 19:40:47.798 -0500,neutro,0.583
17949,1,13,booking,2026-04-06,Eso sí falta mantenimiento en algunas areas. Habitacion espaciosa y limpia.,es   ,2026-04-20 19:40:47.798 -0500,neutro,1.000
21191,1,13,booking,2026-02-02,Las camas eran cómodas. El baño estaba algo descuidado.,es   ,2026-04-20 19:40:47.798 -0500,neutro,0.692
19410,1,13,booking,2025-12-25,"Excelente ubicación cerca a todo, igual el precio era algo elevado para lo que ofrece.",es   ,2026-04-20 19:40:47.798 -0500,neutro,0.874
21144,1,13,booking,2026-01-05,"El restaurante del hotel estuvo rico, pero el baño estaba algo descuidado.",es   ,2026-04-20 19:40:47.798 -0500,neutro,0.868
20168,1,13,booking,2026-02-26,Muy bonitas las areas comunes. igual demorado el seRvicio de habitaciones.,es   ,2026-04-20 19:40:47.798 -0500,neutro,0.998
21908,1,13,booking,2025-12-14,Buenas instalaciones en general. Habia olor raro en la habitacion.,es   ,2026-04-20 19:40:47.798 -0500,neutro,1.000
17438,1,13,booking,2025-12-01,El personal fue muy amable. sin embargo no pude dormir bien por el ruido y la comida se demoró bastante.,es   ,2026-04-20 19:40:47.798 -0500,neutro,1.000
20396,1,13,booking,2025-10-14,Aunque poca variedad en el desayuno. Me gusto el servicio.,es   ,2026-04-20 19:40:47.798 -0500,neutro,1.000
17524,1,13,booking,2026-02-02,Aunque igual el colchon estaba algo viejo. Excelente ubicacion cerca a todo.,es   ,2026-04-20 19:40:47.798 -0500,neutro,0.845
17779,1,13,booking,2025-11-27,Muy buen ubicado cerca al centro. El servucio fue slgo demorado.,es   ,2026-04-20 19:40:47.798 -0500,neutro,1.000
21934,1,13,booking,2026-01-12,"Muy bonitas las areas comunes, pero el baño estaba algo descuidado.",es   ,2026-04-20 19:40:47.798 -0500,neutro,0.679
21450,1,13,booking,2026-03-09,Pero el wifi era muy lento. Buena ubicacion para moverse por la ciudad.,es   ,2026-04-20 19:40:47.798 -0500,neutro,0.999
21382,1,13,booking,2026-01-31,Eso si rl baño tenia problemas. El colchon era comodisimo.,es   ,2026-04-20 19:40:47.798 -0500,neutro,1.000
17198,1,13,booking,2026-03-10,"El parqueadero fue util, pero habia mucho ruido en la noche.",es   ,2026-04-20 19:40:47.798 -0500,neutro,1.000
20042,1,13,booking,2026-04-14,"La habitacion estaba limpia, aunque igual los muebles estaban algo deteriorados y la puerta no cerraba bien.",es   ,2026-04-20 19:40:47.798 -0500,neutro,0.998
18097,1,13,booking,2025-12-24,"Las camas eran comodas, eso si el aire acondicionado hacia ruido.",es   ,2026-04-20 19:40:47.798 -0500,neutro,0.999
21516,1,13,booking,2026-03-14,El personal super amable y atento. Habia olor raro en la habitacion.,es   ,2026-04-20 19:40:47.798 -0500,neutro,1.000
21372,1,13,booking,2025-10-29,Muy bbonitas las areas comunes. la verdad en recepcion se demoraron demasiado.,es   ,2026-04-20 19:40:47.798 -0500,neutro,1.000
17939,1,13,booking,2025-11-20,"Ambiente tranquilo y agradable, eso si los muebles estaban algo deteriorados",es   ,2026-04-20 19:40:47.798 -0500,neutro,1.000
19851,1,13,booking,2025-11-27,Eso si habia olor raro een la habitacion. Buena relacion calidad precio.,es   ,2026-04-20 19:40:47.798 -0500,neutro,0.972
18751,1,13,booking,2026-01-07,Lumpieza impecable. sin embargo el personal no fue muy atento.,es   ,2026-04-20 19:40:47.798 -0500,neutro,0.997
20557,1,13,booking,2025-12-07,Las camas eran cómofas. Demasiado ruido externo.,es   ,2026-04-20 19:40:47.798 -0500,neutro,0.822
18164,1,13,booking,2026-01-14,Muy buena vista desde la habitacion. pero falta mantenimiento en algunas areas.,es   ,2026-04-20 19:40:47.798 -0500,neutro,0.996
20404,1,13,booking,2026-02-10,La habitacion estaba limpia. Habia mucho ruido en la noche.,es   ,2026-04-20 19:40:47.798 -0500,neutro,1.000
19983,1,13,booking,2026-01-01,Tpdo estuvo bien en general. pero el wifi era muy lento,es   ,2026-04-20 19:40:47.798 -0500,neutro,0.999
18375,1,13,booking,2026-04-17,La verdad el desayuno no fue lo esperado. Las camas eran comodas.,es   ,2026-04-20 19:40:47.798 -0500,neutro,0.984
17877,1,13,booking,2026-02-06,Igusl enrecepcion se demoraron demasiado. La ubicacion es muy buena.,es   ,2026-04-20 19:40:47.798 -0500,neutro,0.992
18404,1,13,booking,2026-02-15,"Muy bien ubicado cerca al centro, pero la verdad no pude dormir bien por el ruiido.",es   ,2026-04-20 19:40:47.798 -0500,neutro,0.980
20878,1,13,booking,2025-10-20,El check in fuee rapido. sin embargo no habia agua caliente en la mañana.,es   ,2026-04-20 19:40:47.798 -0500,neutro,0.999
21519,1,13,booking,2026-03-23,Muy buen hotel en general. aunque no pude dormir bien por el ruido y la comida se demoró bastante.,es   ,2026-04-20 19:40:47.798 -0500,neutro,0.974
19090,1,13,booking,2025-11-08,Buena relacionn calidad precio. En recepcion se demoraron demasiado.,es   ,2026-04-20 19:40:47.798 -0500,neutro,1.000
22145,1,13,booking,2025-11-07,Elcheck in fue rapido. El desayuno no fue lo esperado.,es   ,2026-04-20 19:40:47.798 -0500,neutro,0.989
22421,1,13,booking,2026-01-31,La habitación estaba limpia. igual el aire acondicionado haccIa ruido.,es   ,2026-04-20 19:40:47.798 -0500,neutro,0.980
19283,1,13,booking,2026-01-01,El parqueadero fuee util. El personal no fue muy atento.,es   ,2026-04-20 19:40:47.798 -0500,neutro,0.927
20086,1,13,booking,2025-10-24,Eso si los muebles estaban algo deteriorados. Las camas eran comodas.,es   ,2026-04-20 19:40:47.798 -0500,neutro,1.000
19561,1,13,booking,2026-01-30,Sin embargo la comida llego fria. Las toallas y ropa de cama limpias.,es   ,2026-04-20 19:40:47.798 -0500,neutro,0.999
21719,1,13,booking,2026-01-12,Prro la verdad no pude dormir bien por el ruido y la comida se demoró bastante. Muy buen hotel en general,es   ,2026-04-20 19:40:47.798 -0500,neutro,0.880
20075,1,13,booking,2026-02-18,"Buena relación calidad precio, pero en recepcion se demoraron demasiado.",es   ,2026-04-20 19:40:47.798 -0500,neutro,0.998
20545,1,13,booking,2025-12-14,Buena relacion calidad precio. eso si la puerta no cerraba bien y demasiado ruido externo.,es   ,2026-04-20 19:40:47.798 -0500,neutro,0.999
21572,1,13,booking,2026-03-29,"La atencion fue excelente, pero la verdad la cama no era muy comoda.",es   ,2026-04-20 19:40:47.798 -0500,neutro,1.000
20336,1,13,booking,2025-11-01,"El check infue rapido, aunque había mucho ruido en la noche y la atención pudo ser mejor.",es   ,2026-04-20 19:40:47.798 -0500,neutro,0.995
19321,1,13,booking,2026-01-19,Todo estuvo bien en genneral. eso si demasiado ruido externo y el desayuno no fue lo esperado.,es   ,2026-04-20 19:40:47.798 -0500,neutro,1.000
18073,1,13,booking,2025-12-27,Buena relacion calidad precio. igual no pude dormir bien por el ruido.,es   ,2026-04-20 19:40:47.798 -0500,neutro,1.000
17958,1,13,booking,2026-04-16,El desayuno estuvo muy rico. eso si se escuchaba todo del pasillo y el baño tenía problemas,es   ,2026-04-20 19:40:47.798 -0500,neutro,1.000
18250,1,13,booking,2025-11-29,"Ls ubicación es muy buena, igual el personal no fue muy atEnto.",es   ,2026-04-20 19:40:47.798 -0500,neutro,1.000
19480,1,13,booking,2025-11-10,Pero la verdad no pude dormir bien por el ruiddo. El personal super amable y atento.,es   ,2026-04-20 19:40:47.798 -0500,neutro,1.000
19950,1,13,booking,2026-01-22,El parqueadero fue util. El servicio fue algo demorado.,es   ,2026-04-20 19:40:47.798 -0500,neutro,0.999
19536,1,13,booking,2025-10-20,"Ambiente tranquilo y agradable, aunque las instalaciones estan algo viejas.",es   ,2026-04-20 19:40:47.798 -0500,neutro,0.861
20220,1,13,booking,2025-11-08,Buena ubicacionpara moverse por la ciudad. aunque igual el desayuno no fue lo esperado.,es   ,2026-04-20 19:40:47.798 -0500,neutro,0.930
17715,1,13,booking,2026-01-17,Pero no pudr dormur bien por el ruido. El restaurante del hotel estuvo rico.,es   ,2026-04-20 19:40:47.798 -0500,neutro,1.000
18140,1,13,booking,2026-02-23,"Me gusto el servicio, pero la verdad no pude dormir bien por el ruido y la comida se demoró bastante.",es   ,2026-04-20 19:40:47.798 -0500,neutro,0.585
22176,1,13,booking,2025-10-02,"La ubicacipn es muy buena, igual habia mucho ruido en la noche.",es   ,2026-04-20 19:40:47.798 -0500,neutro,0.837
19663,1,13,booking,2026-01-23,"Muy buen hotelen general, aunque elpersonal no fue muy atento.",es   ,2026-04-20 19:40:47.798 -0500,neutro,0.999
19024,1,13,booking,2026-01-23,Aunque igual la lumpieza podria mejorar. Me parecio un hotel muy commpleto.,es   ,2026-04-20 19:40:47.798 -0500,neutro,1.000
18392,1,13,booking,2026-01-19,Aunque la cama no era muy comoda. Excelente ubicacion cerca a todo.,es   ,2026-04-20 19:40:47.798 -0500,neutro,0.674
18906,1,13,booking,2025-12-08,"El check in fue rapido, pero la verdad habia mucho ruido en la noche.",es   ,2026-04-20 19:40:47.798 -0500,neutro,1.000
22013,1,13,booking,2026-02-14,El parqueadero fue util. La cama no era muy comoda.,es   ,2026-04-20 19:40:47.798 -0500,neutro,1.000
18799,1,13,booking,2026-03-09,Precio justo por lo que ofrece. aunque la tv no funCionaba biEn.,es   ,2026-04-20 19:40:47.798 -0500,neutro,0.980
17694,1,13,booking,2026-02-01,El personal hizo todo lo posible por ayudar. Habia humedad en el cuarto,es   ,2026-04-20 19:40:47.798 -0500,neutro,1.000
17126,1,13,booking,2026-04-04,Sin embargo demasiado ruido externo. La atencion fueexcelente.,es   ,2026-04-20 19:40:47.798 -0500,neutro,1.000
21204,1,13,booking,2026-02-15,Me parecio un hotel muy completo. Habia mucho ruido en la noche.,es   ,2026-04-20 19:40:47.798 -0500,neutro,1.000
18206,1,13,booking,2025-10-02,Eso sí no habia agua caliente en la mañana. Las camas eran comodas.,es   ,2026-04-20 19:40:47.798 -0500,neutro,0.993
21856,1,13,booking,2026-01-20,Igual los muebles estaban aLgo deteriorados. Buena ubicacion para moverse por la ciudad.,es   ,2026-04-20 19:40:47.798 -0500,neutro,1.000
18768,1,13,booking,2025-12-11,El wifi funcionaba bien. El personal no fue muy atento.,es   ,2026-04-20 19:40:47.798 -0500,neutro,0.619
19875,1,13,booking,2026-02-09,"La piscina estaba muy bien, pero demorado el servicio de habitaciones.",es   ,2026-04-20 19:40:47.798 -0500,neutro,0.997
18060,1,13,booking,2025-12-19,"Habitacion espaciosa y limpia, igual se escuchaba todo del pasillo y el baño tenía problemas.",es   ,2026-04-20 19:40:47.798 -0500,neutro,1.000
21574,1,13,booking,2025-12-08,Aunque igual el servicio fue algo demorado. El cuarto era amplio.,es   ,2026-04-20 19:40:47.798 -0500,neutro,0.993
18685,1,13,booking,2026-03-12,Muy bien ubicado cerca al centro. Demorado el servicio de habitaciones.,es   ,2026-04-20 19:40:47.798 -0500,neutro,0.995
22411,1,13,booking,2026-02-27,La atencion fue excelente. la verdad el desayuno no fue lo esperaddo.,es   ,2026-04-20 19:40:47.798 -0500,neutro,1.000
17729,1,13,booking,2025-12-07,Me gustó el servicio. la verdad se escuchsba todo del pasillo y en recepción se demoraron demasiado.,es   ,2026-04-20 19:40:47.798 -0500,neutro,1.000
22197,1,13,booking,2025-10-19,Eso sí problemas con el agua caliente. Cumple con lo que promete.,es   ,2026-04-20 19:40:47.798 -0500,neutro,0.513
17959,1,13,booking,2025-11-24,Lss camas eran cómodas. La comida llego fria.,es   ,2026-04-20 19:40:47.798 -0500,neutro,0.997
17071,1,13,booking,2026-01-11,El colchon era comodisimo. igual poca variedad en el desayuno.,es   ,2026-04-20 19:40:47.798 -0500,neutro,1.000
20520,1,13,booking,2026-04-09,"La habitacion estaba limpia, la verdad demasiado ruido externo y el desayuno no fue lo esperado.",es   ,2026-04-20 19:40:47.798 -0500,neutro,0.994
22068,1,13,booking,2025-11-08,Me gusto el servicio. pero la verdad el personal no fue muy atento.,es   ,2026-04-20 19:40:47.798 -0500,neutro,0.999
20358,1,13,booking,2025-11-26,Buen servicio de habitaciones. pero la verdad el bañotenia problemas.,es   ,2026-04-20 19:40:47.798 -0500,neutro,0.996
22097,1,13,booking,2025-12-13,Me parecio un hotel muy completo. pero la verdad demorado el servicio de habitaciones,es   ,2026-04-20 19:40:47.798 -0500,neutro,1.000
21179,1,13,booking,2025-11-10,Me gusto el servicio. sin embargo el servicio fue algo demorado.,es   ,2026-04-20 19:40:47.798 -0500,neutro,0.997
20589,1,13,booking,2026-04-04,"La habitación rstabalimpia, aunque se escuchaba todo del pasillo.",es   ,2026-04-20 19:40:47.798 -0500,neutro,0.998
21035,1,13,booking,2026-01-25,El restaurante del hotel estuvo rico. pero el desayuno no fue lo esperado.,es   ,2026-04-20 19:40:47.798 -0500,neutro,0.995
20977,1,13,booking,2025-10-30,Buena relación calidad precio. pero la verdad en recepcion sedemorsron demasiado.,es   ,2026-04-20 19:40:47.798 -0500,neutro,0.999
17432,1,13,booking,2026-02-15,El desayuno estuvo muy rico. Sr escuchaba tododel pasillo y en recepción se demoraron demasiado.,es   ,2026-04-20 19:40:47.798 -0500,neutro,1.000
19945,1,13,booking,2025-10-20,"La recepcion fue muy cordial, aunque el preciO era algo elevado para lo que ofrece.",es   ,2026-04-20 19:40:47.798 -0500,neutro,0.998
22058,1,13,booking,2026-03-10,La verdad la puerta no cerraba bien. El personal fue amable.,es   ,2026-04-20 19:40:47.798 -0500,neutro,0.971
18950,1,13,booking,2025-10-13,El personal fue amable. aunque igual poca variedad en el desayuno.,es   ,2026-04-20 19:40:47.798 -0500,neutro,0.951
19831,1,13,booking,2026-03-05,Eso sí en recepcion se demoraron dEmasiado. El personal fue aMable.,es   ,2026-04-20 19:40:47.798 -0500,neutro,0.972
20430,1,13,booking,2025-10-23,Eso sí los muebles estaban algo deteriorados. Habitacion espaciosa y limpia.,es   ,2026-04-20 19:40:47.798 -0500,neutro,1.000
17493,1,13,booking,2025-11-20,"El restaurante del hotel estuvo rico, pero la verdad problemas con el agua caliente.",es   ,2026-04-20 19:40:47.798 -0500,neutro,0.815
19376,1,13,booking,2026-04-18,Igual el baño tenia problemas. El check in fue rspido.,es   ,2026-04-20 19:40:47.798 -0500,neutro,0.997
18909,1,13,booking,2026-03-07,Muy bonitas las areas comunes. El baño tenia problemas.,es   ,2026-04-20 19:40:47.798 -0500,neutro,0.999
18795,1,13,booking,2026-03-08,Aunque poca variedad en el desayuno. El colchon era comodisimo.,es   ,2026-04-20 19:40:47.798 -0500,neutro,1.000
21003,1,13,booking,2026-02-24,"Las toallas y ropa de cama limpias, igual la comida llego fria.",es   ,2026-04-20 19:40:47.798 -0500,neutro,0.824
17895,1,13,booking,2025-10-01,"El check in fue rapido, aunque el aire acondicionado hhaccia ruido.",es   ,2026-04-20 19:40:47.798 -0500,neutro,0.996
17384,1,13,booking,2025-12-02,"Megusto el servicio, la verdad seescuchabatodo del pasillo.",es   ,2026-04-20 19:40:47.798 -0500,neutro,0.515
21387,1,13,booking,2025-11-24,Pero se escuchaba todo del pasillo yen recepción se demoraron demasiado. El personal hizo todo lo posible por ayudar.,es   ,2026-04-20 19:40:47.798 -0500,neutro,1.000
17945,1,13,booking,2026-01-26,Buenarelacion calidad precio. pero la verdad se escuchaba todo del pasillo y el baño tenía problemas.,es   ,2026-04-20 19:40:47.798 -0500,neutro,0.729
21888,1,13,booking,2026-03-05,Precio justo por lo que ofrece. aunque no habia agua caliente en la mañana.,es   ,2026-04-20 19:40:47.798 -0500,neutro,0.905
19217,1,13,booking,2026-04-09,Muy buen hotel en general. la verdad poca variedad en el desayuno.,es   ,2026-04-20 19:40:47.798 -0500,neutro,1.000
19245,1,13,booking,2025-12-01,"Ambiente tranquilo y agradable, aunque se escuchaba todo del pasillo y en recepción se demoraron demasiado.",es   ,2026-04-20 19:40:47.798 -0500,neutro,0.999
19292,1,13,booking,2026-02-15,"El personal super amable y atento, eso sí falta mantenimiento en algunas areas.",es   ,2026-04-20 19:40:47.798 -0500,neutro,1.000
21537,1,13,booking,2026-01-14,Me gustto el servicio. El servicio fue algo demorado.,es   ,2026-04-20 19:40:47.798 -0500,neutro,0.999
18817,1,13,booking,2026-01-10,El personal fue muy amable. eso si demasiado ruido externo y el desayuno no fue lo esperado.,es   ,2026-04-20 19:40:47.798 -0500,neutro,1.000
17090,1,13,booking,2026-01-31,Me gustó el servicio. aunque la tv no funcionaba bienn.,es   ,2026-04-20 19:40:47.798 -0500,neutro,0.966
21851,1,13,booking,2026-03-29,"El cuarto era amplio, sin embargo habia mucho rUido en la noche.",es   ,2026-04-20 19:40:47.798 -0500,neutro,0.999
19631,1,13,booking,2025-12-12,El parqueaddero fue uutil. la verdad el cuarto era muy pequeño.,es   ,2026-04-20 19:40:47.798 -0500,neutro,0.576
18166,1,13,booking,2025-11-09,Buena relacion calidad precio. eso sí el airE acondicionado hacia ruido.,es   ,2026-04-20 19:40:47.798 -0500,neutro,0.998
17597,1,13,booking,2026-02-01,"Las camas eran comodas, aunque laSinstalaciones estan algo viejas.",es   ,2026-04-20 19:40:47.798 -0500,neutro,0.568
20986,1,13,booking,2026-03-18,Igual el parqueaderoera muy pequeno. El check in fue rapido.,es   ,2026-04-20 19:40:47.798 -0500,neutro,0.998
18995,1,13,booking,2025-11-08,Eso si habiahumedad en el cuarto. Muy bien ubicado cerca al centro.,es   ,2026-04-20 19:40:47.798 -0500,neutro,0.693
21074,1,13,booking,2025-11-20,"Cumple con lo que promete, eso sí el servicio fue algo demorado.",es   ,2026-04-20 19:40:47.798 -0500,neutro,0.987
22244,1,13,booking,2025-10-02,Excelente ubicacion cerca a todo. la verdad no pude dormir bien por el ruido y la comida se demoró bastante.,es   ,2026-04-20 19:40:47.798 -0500,neutro,0.999
22355,1,13,booking,2026-01-01,Aunque igual habia humedad en el cuarto. La habitacion estaba limpia.,es   ,2026-04-20 19:40:47.798 -0500,neutro,0.997
18630,1,13,booking,2025-10-17,Eso sí el personal no fue muy atento. El personal fue amable.,es   ,2026-04-20 19:40:47.798 -0500,neutro,0.999
19760,1,13,booking,2025-12-26,Aunque la cama mo era muy comoda. La recepcion fue muy cordial.,es   ,2026-04-20 19:40:47.798 -0500,neutro,0.846
19721,1,13,booking,2025-11-01,Muy bonitas las areas comunes. Falta mantenimiento en algunas areas.,es   ,2026-04-20 19:40:47.798 -0500,neutro,0.974
18119,1,13,booking,2026-02-21,Igualel pEesonal no fue muy ateento. La habitación estaba limpia.,es   ,2026-04-20 19:40:47.798 -0500,neutro,0.997
20160,1,13,booking,2025-10-31,"Buena relacion calidad precio, eso si demorado el servicio de habitacionees.",es   ,2026-04-20 19:40:47.798 -0500,neutro,1.000
19854,1,13,booking,2026-02-20,"La habitación estaba limpia, eso si la comida se demoro bastante.",es   ,2026-04-20 19:40:47.798 -0500,neutro,1.000
20216,1,13,booking,2026-04-02,Ambiente tranquilo y agradable. El personal no fue muy atento.,es   ,2026-04-20 19:40:47.798 -0500,neutro,1.000
19921,1,13,booking,2026-03-27,La ubicación es muy buena. sin embargo los muebles estaban algo deteriorados.,es   ,2026-04-20 19:40:47.798 -0500,neutro,0.935
19535,1,13,booking,2026-03-28,Aunque no pude dormir bien por el ruido y la comida se demoró bastante.Limpieza impecable.,es   ,2026-04-20 19:40:47.798 -0500,neutro,1.000
17042,1,13,booking,2025-10-17,"La piscina estaba muy bien, la verdad habiA olor raro enla habitacion.",es   ,2026-04-20 19:40:47.798 -0500,neutro,1.000
17222,1,13,booking,2025-10-31,"El personal fue amabble, pero habia olor raro en la habitacion.",es   ,2026-04-20 19:40:47.798 -0500,neutro,1.000
17132,1,13,booking,2025-12-03,"Las camas eran cómodas, eso sí no pude dormir bien por el ruido y la comida se demoró bastante.",es   ,2026-04-20 19:40:47.798 -0500,neutro,0.970
22310,1,13,booking,2025-11-25,La piscina estaba muy bien. pero el desayuno no fue lo esperado.,es   ,2026-04-20 19:40:47.798 -0500,neutro,0.883
21312,1,13,booking,2025-12-05,El personal super amable y atentO. Se escuchaba todo del pasillo y en recepción se demoraron demasiado,es   ,2026-04-20 19:40:47.798 -0500,neutro,0.986
20853,1,13,booking,2026-03-20,Sin embargo falta mantenimiento en algunas areas. Precio justo por lo que ofrece.,es   ,2026-04-20 19:40:47.798 -0500,neutro,0.972
19727,1,13,booking,2026-03-21,Pero se escuchaba todo del pasillo y el baño tenía problemas. La habitacion estaba limpia.,es   ,2026-04-20 19:40:47.798 -0500,neutro,1.000
19667,1,13,booking,2026-04-10,Eso sí demorado el servicio de habitaciones. Limpieza impecable.,es   ,2026-04-20 19:40:47.798 -0500,neutro,0.984
19543,1,13,booking,2026-02-25,Las toallas y ropa de cama limpias. aunque igual demasiado ruido externo y el desayuno no fue lo esperado.,es   ,2026-04-20 19:40:47.798 -0500,neutro,1.000
19402,1,13,booking,2026-02-10,"El parqueadero fue util, eso si el parqueadero era muy pequeño.",es   ,2026-04-20 19:40:47.798 -0500,neutro,0.846
19466,1,13,booking,2025-12-11,Pero el wifi era muy lento. Muy buen hotel en general.,es   ,2026-04-20 19:40:47.798 -0500,neutro,1.000
19263,1,13,booking,2025-12-24,Todo estuvo bien en general. aunque elpersonal no fue muy atento.,es   ,2026-04-20 19:40:47.798 -0500,neutro,0.995
18859,1,13,booking,2025-12-22,"Meparecio un hotel muy completo, pero la verdad la cama no era muy comoda.",es   ,2026-04-20 19:40:47.798 -0500,neutro,0.975
18050,1,13,booking,2026-01-11,La ubicacion es muy buena. eso si el servicio fue algo demorado.,es   ,2026-04-20 19:40:47.798 -0500,neutro,1.000
20966,1,13,booking,2026-03-06,"El parqueadero fue util, aunque el baño tenia problemas.",es   ,2026-04-20 19:40:47.798 -0500,neutro,0.956
21276,1,13,booking,2025-10-29,Eso si no pude dormir bien por el ruido. El colchon era comodisimoo.,es   ,2026-04-20 19:40:47.798 -0500,neutro,1.000
20935,1,13,booking,2026-03-10,Pero el personal no fue muy atentoo. Muy bonitas lasarras comunes.,es   ,2026-04-20 19:40:47.798 -0500,neutro,1.000
19837,1,13,booking,2025-12-04,La habitacion estaba limpia. la verdad demasiado ruido externo y el desayuno no fue lo espeerado.,es   ,2026-04-20 19:40:47.798 -0500,neutro,1.000
17292,1,13,booking,2026-04-01,El parqueadero fue util. El ascensor tardaba mucho y falta mantenimiento enalgunas areas.,es   ,2026-04-20 19:40:47.798 -0500,neutro,0.982
21536,1,13,booking,2026-02-27,Aunque falta mantenimiento en algunas areeas. El parqueadero fue util.,es   ,2026-04-20 19:40:47.798 -0500,neutro,0.999
20989,1,13,booking,2026-02-16,El colchon era comodisimo. El baño tenia problemas.,es   ,2026-04-20 19:40:47.798 -0500,neutro,0.997
21624,1,13,booking,2025-11-08,Aunque igual habia mucho ruido en la noche. Limpieza impecable.,es   ,2026-04-20 19:40:47.798 -0500,neutro,0.608
21358,1,13,booking,2026-01-19,Eso siel servicio fue algo demorado. La recepcion fue muy cordial.,es   ,2026-04-20 19:40:47.798 -0500,neutro,1.000
21130,1,13,booking,2026-03-07,El check in fue rapido. igual habia olor raro en la habittacion.,es   ,2026-04-20 19:40:47.798 -0500,neutro,1.000
18134,1,13,booking,2025-10-28,Muy bienubicado cerca al centro. Los muebles estabanalgo deteriorados.,es   ,2026-04-20 19:40:47.798 -0500,neutro,0.987
22075,1,13,booking,2026-02-12,El parqueadero fue util. La purrta no cerraba bien.,es   ,2026-04-20 19:40:47.798 -0500,neutro,0.942
22402,1,13,booking,2025-12-15,Eso sí el personal no fue muy atento. Buena relación calidad precio,es   ,2026-04-20 19:40:47.798 -0500,neutro,1.000
19615,1,13,booking,2026-02-23,La verdad las instalaciones estan algo viejas. El personal hizo todo lo posible por ayudar,es   ,2026-04-20 19:40:47.798 -0500,neutro,0.999
21890,1,13,booking,2025-11-15,Excelente ubicacion cerca a todo. eso sí la puerta no cerraba bien.,es   ,2026-04-20 19:40:47.798 -0500,neutro,0.999
17435,1,13,booking,2025-11-19,Sin embargo falta mantenimiento en algunas areas. Las camas eran comodas.,es   ,2026-04-20 19:40:47.798 -0500,neutro,1.000
20343,1,13,booking,2026-03-19,"El check in fue rapidO, igual el parqueaderoera muy pequeñoo.",es   ,2026-04-20 19:40:47.798 -0500,neutro,0.999
19193,1,13,booking,2026-01-19,Eso si demasiado ruido externo. El check in fue rapido.,es   ,2026-04-20 19:40:47.798 -0500,neutro,1.000
19483,1,13,booking,2026-02-27,Las toallas y ropa de cama limpias. aunque igual los muueBles estaban algo deteriorados.,es   ,2026-04-20 19:40:47.798 -0500,neutro,0.844
17858,1,13,booking,2025-10-19,Me gustó el servicio. Las instalaciones estan algo viejas.,es   ,2026-04-20 19:40:47.798 -0500,neutro,0.530
18426,1,13,booking,2025-12-26,Me gustó elseevicio. aunque poca variedad en el desayuno.,es   ,2026-04-20 19:40:47.798 -0500,neutro,0.908
21558,1,13,booking,2025-11-08,Todo estuvo bien en general. la verdad en recepcion se demoraron demasiado.,es   ,2026-04-20 19:40:47.798 -0500,neutro,1.000
21013,1,13,booking,2025-11-27,"La ubicación es muy buena, la verdad poca variedad enel desayuno.",es   ,2026-04-20 19:40:47.798 -0500,neutro,0.998
22237,1,13,booking,2026-03-03,La piscina estaba muy bien. la verdad la comida llego fria y demorado el servicio de habitaaciones.,es   ,2026-04-20 19:40:47.798 -0500,neutro,1.000
17191,1,13,booking,2026-01-22,AUnque el personal no fue muy atento. Todo estuvo bien en geneeral.,es   ,2026-04-20 19:40:47.798 -0500,neutro,0.988
18571,1,13,booking,2026-03-15,Pero habia mucho ruido en la noche. Buena ubicacion para moverse por la ciudad.,es   ,2026-04-20 19:40:47.798 -0500,neutro,0.964
21919,1,13,booking,2026-03-17,El checck in fue rapido. Se escuchaba todo del pasillo y en recepción se demoraron demasiado.,es   ,2026-04-20 19:40:47.798 -0500,neutro,0.993
18393,1,13,booking,2026-03-21,"Buena relación calidad precio, pero el baño tenia probblemas.",es   ,2026-04-20 19:40:47.798 -0500,neutro,0.991
20820,1,13,booking,2026-02-01,Aunque igual la cama no era muy comoda. Ambiente tranquilo y agradable.,es   ,2026-04-20 19:40:47.798 -0500,neutro,0.999
21199,1,13,booking,2026-03-02,La ubicacion es muy buena. El wifi era muy lento.,es   ,2026-04-20 19:40:47.798 -0500,neutro,0.999
17929,1,13,booking,2025-10-31,Limpieza impecable. eso si el colchon estaba algo viejo.,es   ,2026-04-20 19:40:47.798 -0500,neutro,0.979
17148,1,13,booking,2025-12-21,El check in fue rapido. pero no habia agua caliente en la mañana.,es   ,2026-04-20 19:40:47.798 -0500,neutro,0.999
18235,1,13,booking,2026-01-02,El parqueadero fue util. El ascensor tardaba mucho.,es   ,2026-04-20 19:40:47.798 -0500,neutro,0.882
20405,1,13,booking,2026-02-19,"Cumple con lo que promete, aunque igual se escuchaba todo del pasillo.",es   ,2026-04-20 19:40:47.798 -0500,neutro,0.683
17301,1,13,booking,2026-02-04,Ambiente tranquilo y agradable. Se escuchaba todo del pasillo y en recepción se demoraron demasiado.,es   ,2026-04-20 19:40:47.798 -0500,neutro,0.998
20128,1,13,booking,2026-03-27,Me parecio un hotel muy complEto. sin embargo la comida llego fria.,es   ,2026-04-20 19:40:47.798 -0500,neutro,0.964
19042,1,13,booking,2025-10-05,La verdad los muebles estaban algo deteriorados. Las toallas y ropa de cama limpias.,es   ,2026-04-20 19:40:47.798 -0500,neutro,0.991
20690,1,13,booking,2026-02-04,Me gustoel servicio. Habia mucho ruido en la noche.,es   ,2026-04-20 19:40:47.798 -0500,neutro,1.000
17460,1,13,booking,2025-11-30,Buena relacion calidad preccio. eso si el desayuno no fue loesperado.,es   ,2026-04-20 19:40:47.798 -0500,neutro,1.000
20127,1,13,booking,2025-12-28,La verdad el baño tenia problemas. Elpersonal fue amaable.,es   ,2026-04-20 19:40:47.798 -0500,neutro,0.999
19515,1,13,booking,2026-03-31,El personal fue amable. sin embargo habia olor raro en la hhabitacioon.,es   ,2026-04-20 19:40:47.798 -0500,neutro,1.000
20833,1,13,booking,2026-03-21,El desayunp estuvo muy rico. pero falta mantenimiento en algunas areas.,es   ,2026-04-20 19:40:47.798 -0500,neutro,0.999
19484,1,13,booking,2026-02-06,"Las camas eran comodas, sin embargo se escuchabatodo del pasillo.",es   ,2026-04-20 19:40:47.798 -0500,neutro,0.998
17495,1,13,booking,2026-03-20,Pero la verdad drmasiado ruido externo. Muy buen hotel en general.,es   ,2026-04-20 19:40:47.798 -0500,neutro,0.959
21901,1,13,booking,2025-10-10,Excelente ubicacion cerca a tpdo. pero la verdad las instalaciones estan algo viejas.,es   ,2026-04-20 19:40:47.798 -0500,neutro,1.000
21654,1,13,booking,2025-11-08,El parqueadero fue util. En recepcion se demoraron demasiado.,es   ,2026-04-20 19:40:47.798 -0500,neutro,0.998
22224,1,13,booking,2026-01-03,Excelente ubicacion cerca a todo. El personal no fue muy atento.,es   ,2026-04-20 19:40:47.798 -0500,neutro,1.000
21104,1,13,booking,2025-12-23,Pero la verdad el colchon estaba algo vieJo. Me gusto el servicio.,es   ,2026-04-20 19:40:47.798 -0500,neutro,1.000
19381,1,13,booking,2026-02-22,La verdad no pude dormir bien porelrruido. Buena relación calidad precio.,es   ,2026-04-20 19:40:47.798 -0500,neutro,0.559
21788,1,13,booking,2026-01-27,"El personal fue muy amable, la verdad el personal no fue muy atento.",es   ,2026-04-20 19:40:47.798 -0500,neutro,0.905
22226,1,13,booking,2025-12-17,La verdad la puerta no cerraba bien. El restaurante del hotel estuvo rico.,es   ,2026-04-20 19:40:47.798 -0500,neutro,0.988
17400,1,13,booking,2025-10-22,Muy buena vista desde la habitacion. No pude dormir bien por el ruido y la comida se demoró bastante.,es   ,2026-04-20 19:40:47.798 -0500,neutro,1.000
19187,1,13,booking,2026-04-07,El parqueadero fue util. pero la verdad no habia agua caliente en la mañana.,es   ,2026-04-20 19:40:47.798 -0500,neutro,1.000
17458,1,13,booking,2025-12-30,"Me parecio unhotel muy completo, eso sí en recepcionse demoraron demasiado.",es   ,2026-04-20 19:40:47.798 -0500,neutro,1.000
20512,1,13,booking,2026-03-30,La atencion fue excelente. igual el servicio fue algo demorado y la atencion pudo ser mejor.,es   ,2026-04-20 19:40:47.798 -0500,neutro,0.539
20987,1,13,booking,2025-11-16,La habitacion estaba limpia. aunque igual el baño estaba algo descuidado y se escuchaba todo del pasillo.,es   ,2026-04-20 19:40:47.798 -0500,neutro,1.000
17273,1,13,booking,2025-12-31,El personal hizo todo loposible por ayudar. No habia agua caliente en la mañana.,es   ,2026-04-20 19:40:47.798 -0500,neutro,1.000
20201,1,13,booking,2025-11-27,"El cuarto era amplio, aunque igual demasiado ruido externo y el desayuno no fue llo esperado.",es   ,2026-04-20 19:40:47.798 -0500,neutro,0.987
22219,1,13,booking,2026-03-17,"La piscina estaba muy bien, igual los muebles estaban algo deteriorados",es   ,2026-04-20 19:40:47.798 -0500,neutro,0.764
17980,1,13,booking,2025-11-01,La ubicacion es muy buena. aunque el baño estaba algo descuidado.,es   ,2026-04-20 19:40:47.798 -0500,neutro,0.941
21588,1,13,booking,2026-01-02,Sin embargo el colchon estaba algo viejo. Muy buen hotel en general.,es   ,2026-04-20 19:40:47.798 -0500,neutro,0.776
21658,1,13,booking,2026-01-25,Buenas instalaciones en general. eso sí la comida sr demorro bastante.,es   ,2026-04-20 19:40:47.798 -0500,neutro,1.000
19574,1,13,booking,2025-10-06,Aunque problemascon el agua caliente. El check in fue rapido.,es   ,2026-04-20 19:40:47.798 -0500,neutro,0.999
17167,1,13,booking,2025-12-19,"Buena relación calidad precio, eso si el servicio fue algo demorado.",es   ,2026-04-20 19:40:47.798 -0500,neutro,1.000
20427,1,13,booking,2025-10-06,Precio justopor lo que ofrece. pero la verdAd elcuarto era muy pequeño.,es   ,2026-04-20 19:40:47.798 -0500,neutro,0.841
19768,1,13,booking,2025-10-31,"El wifi funcionaba bien, eso sí la cama no era muy comoda.",es   ,2026-04-20 19:40:47.798 -0500,neutro,0.994
20656,1,13,booking,2025-10-08,Sin embargo falta mantenimiento en algunas areas. Precio justo por lo que ofrece.,es   ,2026-04-20 19:40:47.798 -0500,neutro,0.972
20659,1,13,booking,2026-03-12,Habitacion espaciosa y limpia. La puerta no cerraba bien.,es   ,2026-04-20 19:40:47.798 -0500,neutro,0.989
22218,1,13,booking,2025-10-31,"El check in fue rapido, sin embargo se escuchabatodo del pasillo.",es   ,2026-04-20 19:40:47.798 -0500,neutro,1.000
17933,1,13,booking,2026-03-12,Las camas rran comodas. pero la puerta no cerraba bien.,es   ,2026-04-20 19:40:47.798 -0500,neutro,0.441
20949,1,13,booking,2026-03-20,Aunque igual se escuchaba todo del pasillo. El parqueaderofue util.,es   ,2026-04-20 19:40:47.798 -0500,neutro,1.000
21790,1,13,booking,2026-04-12,El check in fue rapiido. sin embargo el aire acondicionado hacia ruido.,es   ,2026-04-20 19:40:47.798 -0500,neutro,1.000
18079,1,13,booking,2025-11-27,Muy buena vista desde la habitacion. eso sí demasiado ruido externo y el desayuno nofue lo esperado.,es   ,2026-04-20 19:40:47.798 -0500,neutro,1.000
17221,1,13,booking,2026-02-07,Eso si se escuchaba todo del pasillo y el baño tenía problemas. El personal super amable y atento.,es   ,2026-04-20 19:40:47.798 -0500,neutro,1.000
19537,1,13,booking,2025-10-05,Eso sí la puerta no cerraba bien. El personal fue muy amable.,es   ,2026-04-20 19:40:47.798 -0500,neutro,0.917
20678,1,13,booking,2026-01-27,Las camas eran comodas. igual habia humedad en el cuarto.,es   ,2026-04-20 19:40:47.798 -0500,neutro,0.991
18129,1,13,booking,2026-01-11,La atencion fue excelente. Poca vaeiedad en el desayuno.,es   ,2026-04-20 19:40:47.798 -0500,neutro,1.000
17142,1,13,booking,2026-02-09,Buenservicio de habitaciones. sin embargo habia mucho ruido en la nOche.,es   ,2026-04-20 19:40:47.798 -0500,neutro,1.000
19160,1,13,booking,2026-03-08,Me parecio un hotel muy completo. aunque igual no pude dormir bien por el ruido y la comida se demoró bastante.,es   ,2026-04-20 19:40:47.798 -0500,neutro,1.000
21300,1,13,booking,2026-01-11,La ubicacion es muy buena. La atencion pudo ser mejor y el baño tenia problemas.,es   ,2026-04-20 19:40:47.798 -0500,neutro,1.000
21531,1,13,booking,2025-11-17,Burns relacion calidad precio. El aire acondicionado hacia ruido.,es   ,2026-04-20 19:40:47.798 -0500,neutro,0.998
18192,1,13,booking,2025-11-06,La ubicacion es muy buena. pero la verdad en recepcion se demoraron demasiado.,es   ,2026-04-20 19:40:47.798 -0500,neutro,1.000
17114,1,13,booking,2026-02-24,La verdad demasiado ruido externo y el desayuno no fue lo esperado. Habitacion espaciosa y limpia.,es   ,2026-04-20 19:40:47.798 -0500,neutro,0.984
20125,1,13,booking,2026-02-21,El personal fue muy amable. El servicio fue algo demorado.,es   ,2026-04-20 19:40:47.798 -0500,neutro,0.819
17393,1,13,booking,2026-01-04,El personal hizo todo lo posible por ayuddar. igual se escuchaba todo del pasillo.,es   ,2026-04-20 19:40:47.798 -0500,neutro,1.000
18476,1,13,booking,2026-01-18,La recepcion fue muy cordial. En receppcion se demoraron demasiado.,es   ,2026-04-20 19:40:47.798 -0500,neutro,1.000
21253,1,13,booking,2025-11-13,Buenas instalaciones en general. pero demorado el servicio de habitaciones.,es   ,2026-04-20 19:40:47.798 -0500,neutro,0.999
17131,1,13,booking,2026-03-18,Buen servicio de habitaciones. Las instalaciones estan algo viejas.,es   ,2026-04-20 19:40:47.798 -0500,neutro,0.721
20217,1,13,booking,2026-01-01,Muy buen hotel en general. Se escuchaba todo del pasillo y el baño tenía problemas.,es   ,2026-04-20 19:40:47.798 -0500,neutro,1.000
17211,1,13,booking,2026-01-28,Cumple con lo que promete. En recepcion se demoraron demasiado.,es   ,2026-04-20 19:40:47.798 -0500,neutro,0.741
20642,1,13,booking,2025-10-03,El colchon era comodisimo. la verdad pproblemas con el agua caliente,es   ,2026-04-20 19:40:47.798 -0500,neutro,0.866
21828,1,13,booking,2025-11-11,El personal fue amablle. eso sí la cama no era muy comoda.,es   ,2026-04-20 19:40:47.798 -0500,neutro,1.000
19832,1,13,booking,2025-12-24,"Buen serviciode habitaciones, eso si se escuchaba todo del pasillo y en recepción se demoraron demasiado.",es   ,2026-04-20 19:40:47.798 -0500,neutro,1.000
21279,1,13,booking,2026-03-05,Aunque igual no pude dormir bien por el ruido y la comida se demoró bastante. Cumple con lo que promete.,es   ,2026-04-20 19:40:47.798 -0500,neutro,1.000
17674,1,13,booking,2025-12-29,"Muy bonitas las areas comunes, eso sí el servicio fue algo demorado.",es   ,2026-04-20 19:40:47.798 -0500,neutro,0.996
22154,1,13,booking,2025-11-18,Elcolchon era comodisimo. El personal no fue muy atento.,es   ,2026-04-20 19:40:47.798 -0500,neutro,1.000
20035,1,13,booking,2026-02-15,Excelente ubicacion cerca a todo. eso sí demorado el servicio de habitaciones.,es   ,2026-04-20 19:40:47.798 -0500,neutro,0.999
17498,1,13,booking,2026-01-12,"El cuarto era amplio, igual el aire acondicionado hacia ruido.",es   ,2026-04-20 19:40:47.798 -0500,neutro,1.000
20492,1,13,booking,2025-12-16,El parqueadero fue util. El servicio fue algo demorado.,es   ,2026-04-20 19:40:47.798 -0500,neutro,0.999
17953,1,13,booking,2026-02-20,Todo estuvo bien en general. No pude dormir bien por el ruido.,es   ,2026-04-20 19:40:47.798 -0500,neutro,0.981
21611,1,13,booking,2025-11-01,Todo estuvo bien en general. pero habia olor raro en la habitacion,es   ,2026-04-20 19:40:47.798 -0500,neutro,1.000
19782,1,13,booking,2026-04-13,Excelente ubicación cerca a todo. En recepcion se demoraron demasiaado.,es   ,2026-04-20 19:40:47.798 -0500,neutro,0.988
21991,1,13,booking,2025-11-08,Me parecip un hotel muy completo. En recepcion se demorarondemasiado.,es   ,2026-04-20 19:40:47.798 -0500,neutro,1.000
18692,1,13,booking,2025-12-26,Pero la verdad el desayuno no fue lo esperado. La piscina estaba muy bien.,es   ,2026-04-20 19:40:47.798 -0500,neutro,0.987
17365,1,13,booking,2025-10-22,Pero el baño estaba algo descuidado. Muy buen hotel en general.,es   ,2026-04-20 19:40:47.798 -0500,neutro,0.963
20370,1,13,booking,2026-01-31,Eso si la comida llego fria. Las toallas y ropa de cama limpias.,es   ,2026-04-20 19:40:47.798 -0500,neutro,0.932
18680,1,13,booking,2026-03-19,"El personal fue muy amable, igual en recepcion se demoraron demasiado.",es   ,2026-04-20 19:40:47.798 -0500,neutro,0.950
18940,1,13,booking,2025-12-12,El personal fue amable. eso sí no pude dormir bien por el ruido.,es   ,2026-04-20 19:40:47.798 -0500,neutro,1.000
18266,1,13,booking,2026-04-13,"Las toallas y ropa de cama limpias, sin embargo había mucho ruido en la noche y la atención pudo ser mejor.",es   ,2026-04-20 19:40:47.798 -0500,neutro,0.604
17547,1,13,booking,2025-10-19,"El desayuno estuvo muy rico, eso sí se escuchaba todo del pasullo y en recepción se demoraron demasiado.",es   ,2026-04-20 19:40:47.798 -0500,neutro,0.860
21020,1,13,booking,2025-10-30,Las toallas y eopa de cama limpias. eso si falta mantenimiento en algunas areas.,es   ,2026-04-20 19:40:47.798 -0500,neutro,1.000
21682,1,13,booking,2026-03-11,"Me parecio un hotel muy completo, sin embargo la limpieza pofria mejorar.",es   ,2026-04-20 19:40:47.798 -0500,neutro,0.828
19657,1,13,booking,2025-10-11,Igual el colchon estaba algo viejo y la atencion pudo ser mejor. La habitaciónestaba limpia.,es   ,2026-04-20 19:40:47.798 -0500,neutro,0.999
18722,1,13,booking,2025-11-16,"Buena relacion calidad precio, pero la verdad la limpieza podria mejorar.",es   ,2026-04-20 19:40:47.798 -0500,neutro,0.749
20480,1,13,booking,2025-12-15,Buena relacion calidad precio. aunque lalimpieza podria mejorar.,es   ,2026-04-20 19:40:47.798 -0500,neutro,0.513
21412,1,13,booking,2025-11-13,Buena ubicacion para moverse por la ciudad. pero la verdad lps muebles estaban algo deteriorados.,es   ,2026-04-20 19:40:47.798 -0500,neutro,1.000
20143,1,13,booking,2026-04-09,Buena ubicacion para moverse por la ciudad. eso sí el baño tenia problemas.,es   ,2026-04-20 19:40:47.798 -0500,neutro,1.000
22308,1,13,booking,2026-04-10,La atemcion fue excelente. La comida se demoro bastante.,es   ,2026-04-20 19:40:47.798 -0500,neutro,1.000
21762,1,13,booking,2025-12-29,El restaurante del hotelestuvo rico. sin embargo el personal no fue muy atento.,es   ,2026-04-20 19:40:47.798 -0500,neutro,0.999
22363,1,13,booking,2025-11-27,Ambiente tranquilo y agradable. igual habia mucho ruido en la noche.,es   ,2026-04-20 19:40:47.798 -0500,neutro,0.814
19149,1,13,booking,2025-11-04,Buen servicio de habitaciones. El personal no fue muy atento y las instalaciones estan algo viejas.,es   ,2026-04-20 19:40:47.798 -0500,neutro,0.996
19171,1,13,booking,2026-02-07,Ambiente tranquilo y agradable. Demorado el servicio de habitaciones.,es   ,2026-04-20 19:40:47.798 -0500,neutro,1.000
19048,1,13,booking,2025-11-05,Igual demasiado ruido externo y el desayuno no fue lo esperado. El desayunno estuvo muy ricoo.,es   ,2026-04-20 19:40:47.798 -0500,neutro,1.000
19349,1,13,booking,2026-01-15,Eso si el precip era algo elevado para lo que ofrece. Muy buena vista desde la habitacion.,es   ,2026-04-20 19:40:47.798 -0500,neutro,0.996
22005,1,13,booking,2026-01-04,La atencion fue excelennte. La tv no funcionaba bien.,es   ,2026-04-20 19:40:47.798 -0500,neutro,1.000
22448,1,13,booking,2026-02-21,La habitación estaba limpia. El aire acondicionado hacia ruido.,es   ,2026-04-20 19:40:47.798 -0500,neutro,0.914
19747,1,13,booking,2026-04-17,Buen servicio de habitaciones. la verdad el baño tenia problemas.,es   ,2026-04-20 19:40:47.798 -0500,neutro,1.000
21532,1,13,booking,2026-03-22,Excelente ubicacion cerca a todo. pero la cama no era muy comodaa.,es   ,2026-04-20 19:40:47.798 -0500,neutro,0.835
20131,1,13,booking,2026-01-04,Muy burna vista desde la habitacion. sin embarrgo el colchon estaba algo viejo.,es   ,2026-04-20 19:40:47.798 -0500,neutro,0.591
19843,1,13,booking,2025-11-04,Las camas eran cómodas. eso si no pude dormir bien por el ruido.,es   ,2026-04-20 19:40:47.798 -0500,neutro,0.999
20375,1,13,booking,2025-12-31,Aunque demasiado ruido externo. La habitación estaba limpia.,es   ,2026-04-20 19:40:47.798 -0500,neutro,0.533
18846,1,13,booking,2026-03-27,La verdad habia olor raro en la habitacion. Todo estuvoo bien en general.,es   ,2026-04-20 19:40:47.798 -0500,neutro,0.999
17290,1,13,booking,2026-02-16,Aunque igual poca variedad en el desayuno. El parqueadero fue util.,es   ,2026-04-20 19:40:47.798 -0500,neutro,1.000
17084,1,13,booking,2025-11-27,El personal fue amable. La puerta no cerraba bien.,es   ,2026-04-20 19:40:47.798 -0500,neutro,0.885
20708,1,13,booking,2025-11-12,El parqueadero fue util. la verdad no habia agua caliente en la mañana.,es   ,2026-04-20 19:40:47.798 -0500,neutro,1.000
18417,1,13,booking,2025-12-14,Cumple con lo que promete. pero la verdad problemas con el agua calientee.,es   ,2026-04-20 19:40:47.798 -0500,neutro,0.837
20050,1,13,booking,2026-04-09,Aunque los muebles estaban algo deteriorados. Buena relacion calidad precio.,es   ,2026-04-20 19:40:47.798 -0500,neutro,0.996
19468,1,13,booking,2026-02-13,"El check in fue rapido, igual la limpieza podria mejoraar.",es   ,2026-04-20 19:40:47.798 -0500,neutro,0.931
19101,1,13,booking,2026-03-28,Buenas instalaciones en general. sin embargo la cama no era muy comoda.,es   ,2026-04-20 19:40:47.798 -0500,neutro,0.999
18517,1,13,booking,2026-01-25,El personal hizo todo lo posible por ayudar. El colchon estaba algo viejo.,es   ,2026-04-20 19:40:47.798 -0500,neutro,0.999
19487,1,13,booking,2025-11-19,El wifi funcionaba bien. igualproblemas con el agua caliente.,es   ,2026-04-20 19:40:47.798 -0500,neutro,0.520
18044,1,13,booking,2025-12-11,Igual no pude dormir bien por el ruido. El colchon era comodisimo.,es   ,2026-04-20 19:40:47.798 -0500,neutro,1.000
21842,1,13,booking,2026-03-30,Buena ubicacion paea moverse por la ciudad. La cama no era muy comoda.,es   ,2026-04-20 19:40:47.798 -0500,neutro,1.000
18351,1,13,booking,2026-02-07,"Excelente ubicacion cerca a todo, igual se escuchaba todo del pasillo y el baño tenía problemas.",es   ,2026-04-20 19:40:47.798 -0500,neutro,1.000
22230,1,13,booking,2025-10-23,El personnal hizo todo lo posible por ayudar. En recepcion se demoraron demasiado.,es   ,2026-04-20 19:40:47.798 -0500,neutro,0.977
20186,1,13,booking,2026-02-13,Eso sí la puerta no cerraba bien. Limpieza impecable,es   ,2026-04-20 19:40:47.798 -0500,neutro,0.880
17862,1,13,booking,2025-12-24,Aunque no habia agua caliente en la mañana y se escuchaba todo del pasillo. Muy bien ubicado cerca al centro.,es   ,2026-04-20 19:40:47.798 -0500,neutro,0.923
20206,1,13,booking,2026-02-13,Eso si demasiado ruido externo y el desayuno no fue lo esperado. Me parecio un hotel muy completo.,es   ,2026-04-20 19:40:47.798 -0500,neutro,1.000
21036,1,13,booking,2026-01-15,Habitacion espaciosa y limpia. sin embargo la limpiezza podria mejorar.,es   ,2026-04-20 19:40:47.798 -0500,neutro,0.768
20885,1,13,booking,2026-02-11,Buenas instalaciones en general. eso si no pude dormir bien por el ruido.,es   ,2026-04-20 19:40:47.798 -0500,neutro,1.000
22292,1,13,booking,2025-12-10,El restaurante del hotel estuvo rico. Se escuchaba todo del pasillo y el baño tenía problemas.,es   ,2026-04-20 19:40:47.798 -0500,neutro,1.000
21294,1,13,booking,2025-12-02,El cuuarto era amplio. Se escuchaba todo del pasillo.,es   ,2026-04-20 19:40:47.798 -0500,neutro,0.837
21881,1,13,booking,2025-11-06,Limpieza impecable. pero la verdad el precio era algo elevado para lo que ofrece.,es   ,2026-04-20 19:40:47.798 -0500,neutro,1.000
20693,1,13,booking,2026-03-02,Igual los muebles estaban algo deteriorados. El personal fueamaable.,es   ,2026-04-20 19:40:47.798 -0500,neutro,0.983
19447,1,13,booking,2025-11-28,La verdad el ascensoe tardaba mucho. El restaurante del hotel estuvo rico.,es   ,2026-04-20 19:40:47.798 -0500,neutro,0.954
21940,1,13,booking,2025-12-29,Sin embargo la cama no era muy comoda. Me gustó el servicio.,es   ,2026-04-20 19:40:47.798 -0500,neutro,1.000
18543,1,13,booking,2025-12-28,Sin embargo los muebles estaban algo deteriorados y habia olor raro en la habitacion. La piscina estabaa muy bien.,es   ,2026-04-20 19:40:47.798 -0500,neutro,1.000
17923,1,13,booking,2025-12-20,La ubicación es muy buena. pero problemas conel agua caliente.,es   ,2026-04-20 19:40:47.798 -0500,neutro,0.955
21480,1,13,booking,2025-10-30,El parqueadero fue util. La comida llego fria.,es   ,2026-04-20 19:40:47.798 -0500,neutro,0.938
20164,1,13,booking,2026-02-24,La eecepciom fue muy cordial. aunque igual el precio era algo elevado para lo que ofrece.,es   ,2026-04-20 19:40:47.798 -0500,neutro,0.976
19158,1,13,booking,2025-11-03,Me gusto el servicio. El precio era algo elevado para lo que ofrece.,es   ,2026-04-20 19:40:47.798 -0500,neutro,0.653
18681,1,13,booking,2026-03-07,El desayuno estuvo muyy rrico. El wifi era muy lento.,es   ,2026-04-20 19:40:47.798 -0500,neutro,0.810
20805,1,13,booking,2025-10-24,"El check in fue rapido, sin embargo habia mucho ruido en la noche.",es   ,2026-04-20 19:40:47.798 -0500,neutro,1.000
21265,1,13,booking,2026-01-01,Eso sí problemas con el agua caliente. El personal fue amable.,es   ,2026-04-20 19:40:47.798 -0500,neutro,0.865
22048,1,13,booking,2025-10-13,La rrcepcion fue muyy cordial. la verdad poca variedad en el desayuno.,es   ,2026-04-20 19:40:47.798 -0500,neutro,1.000
20729,1,13,booking,2025-11-03,Muy buen hotel en general. Se escuchaba todo del pasillo y en eecepción se demoraron demasiado.,es   ,2026-04-20 19:40:47.798 -0500,neutro,1.000
17104,1,13,booking,2026-03-22,La verdad falta mantenumiento en algunas areas. Las camas eran comodas.,es   ,2026-04-20 19:40:47.798 -0500,neutro,0.997
22029,1,13,booking,2026-02-18,"La ubicación es muy buena, eso sí el baño tenia problemas.",es   ,2026-04-20 19:40:47.798 -0500,neutro,1.000
18714,1,13,booking,2026-02-07,La ubicacion es muy buena. pero la verdad habia humedad en el cuarto.,es   ,2026-04-20 19:40:47.798 -0500,neutro,1.000
20487,1,13,booking,2026-01-31,"Precio justo por lo que ofrece, eso si las instalaciones estan algo viejas.",es   ,2026-04-20 19:40:47.798 -0500,neutro,1.000
22039,1,13,booking,2025-12-24,Las camas eran comodas. eso sí el personal no fue muy atento.,es   ,2026-04-20 19:40:47.798 -0500,neutro,0.987
18996,1,13,booking,2026-03-22,El check in fue rapido. La comida llego friaa.,es   ,2026-04-20 19:40:47.798 -0500,neutro,0.965
22081,1,13,booking,2025-10-21,Las camas eran comodas. En recepcion se demoraron demasiado.,es   ,2026-04-20 19:40:47.798 -0500,neutro,0.996
20522,1,13,booking,2026-01-20,Buen servicio de habitaciones. aunque habia olor raro enla hAbitacion.,es   ,2026-04-20 19:40:47.798 -0500,neutro,0.998
18618,1,13,booking,2025-10-10,Eso si en recepcion se demoraron demasiado. El colchon era comodisimo.,es   ,2026-04-20 19:40:47.798 -0500,neutro,1.000
18368,1,13,booking,2026-03-27,Rl colchon era comodisimo. pero la verdad falta mantenumiento en algunas areas.,es   ,2026-04-20 19:40:47.798 -0500,neutro,1.000
17928,1,13,booking,2026-02-25,Buena relación calidad precio. El cuartoera muy pequeño.,es   ,2026-04-20 19:40:47.798 -0500,neutro,0.770
18892,1,13,booking,2026-03-08,Buenas instalaciones en general. sin embargo el baño tenia problemas.,es   ,2026-04-20 19:40:47.798 -0500,neutro,0.999
20503,1,13,booking,2025-10-26,Buenas instalaciones en general. la verdad las instalaciones estan algo viejas.,es   ,2026-04-20 19:40:47.798 -0500,neutro,0.984
18209,1,13,booking,2026-02-11,Buena relacion calidad precio. la verdad problemas con el agua caliente.,es   ,2026-04-20 19:40:47.798 -0500,neutro,0.994
18271,1,13,booking,2025-12-17,Aunque el bañotenia problemas. Las camas eran cómodas.,es   ,2026-04-20 19:40:47.798 -0500,neutro,0.996
21070,1,13,booking,2026-02-10,"Muy bonitas las arras comunes, pero la verdad se escuchaba todo del pasillo y en recepción se demoraron demasiado.",es   ,2026-04-20 19:40:47.798 -0500,neutro,0.999
20680,1,13,booking,2026-03-31,Aunque igual no pude dormir bien por el ruidoo. La habitacion estaba limpiaa.,es   ,2026-04-20 19:40:47.798 -0500,neutro,1.000
19136,1,13,booking,2026-04-03,Eso sí se escuchaba todo del pasillo y el baño tenía problemas. Buena ubicacion para moverse por la ciudad.,es   ,2026-04-20 19:40:47.798 -0500,neutro,1.000
18735,1,13,booking,2025-12-04,El personal super amable y atento. pero el personal no fue muy atento.,es   ,2026-04-20 19:40:47.798 -0500,neutro,0.995
22184,1,13,booking,2025-10-10,"La habitacion estaba limpia, igual problemas con el agua caliente.",es   ,2026-04-20 19:40:47.798 -0500,neutro,0.999
18436,1,13,booking,2026-04-04,"La habitacion estaba limpia, eso si la comida se demoro bastante.",es   ,2026-04-20 19:40:47.798 -0500,neutro,1.000
19103,1,13,booking,2026-04-04,"La piscina estaba muy bien, sin embargo el baño tenia problemas.",es   ,2026-04-20 19:40:47.798 -0500,neutro,0.977
20704,1,13,booking,2025-12-25,"El personal super amable y atento, eso si la comida se demoro bastante.",es   ,2026-04-20 19:40:47.798 -0500,neutro,1.000
21763,1,13,booking,2025-11-14,La atencion fue excelente. igual el wifi era muy lento.,es   ,2026-04-20 19:40:47.798 -0500,neutro,0.998
17157,1,13,booking,2026-02-25,"El check in fue rapido, aunque habia humedad en el cuarto.",es   ,2026-04-20 19:40:47.798 -0500,neutro,0.728
21678,1,13,booking,2026-03-18,El personal fue amable. Se escuchaba todo del pasillo y en recepción se demoraron demasiado.,es   ,2026-04-20 19:40:47.798 -0500,neutro,0.973
22084,1,13,booking,2025-11-08,El colchon era comodisimo. El baño tenia problemas.,es   ,2026-04-20 19:40:47.798 -0500,neutro,0.997
17717,1,13,booking,2026-01-21,"Las camas eran cómodas, sin embargo se escuchaba todo del pasillo y en recepción se demoraron demasiado.",es   ,2026-04-20 19:40:47.798 -0500,neutro,1.000
21742,1,13,booking,2026-01-26,La recepcion fue muy cordial. aunque el bano teniia problemas.,es   ,2026-04-20 19:40:47.798 -0500,neutro,1.000
18315,1,13,booking,2025-10-15,Ka habitación estaba limpia. igual la comidA se demoro bastante.,es   ,2026-04-20 19:40:47.798 -0500,neutro,0.953
22059,1,13,booking,2026-04-09,Las camas eran comodas. Demasiado ruIdo externo.,es   ,2026-04-20 19:40:47.798 -0500,neutro,0.852
20914,1,13,booking,2025-11-23,El cuarto era amplio. Habia olor raro en la habitacion.,es   ,2026-04-20 19:40:47.798 -0500,neutro,0.999
17116,1,13,booking,2026-04-08,"El colchon era comodisimo, eso sí no pude dormir bien por el ruido.",es   ,2026-04-20 19:40:47.798 -0500,neutro,0.984
22261,1,13,booking,2025-12-11,Aunque igual habia olor raro en la habitacion. Me gustó el servicio.,es   ,2026-04-20 19:40:47.798 -0500,neutro,0.999
21243,1,13,booking,2025-12-16,Me gusto el servicio. Se escuchaba todo del pasillo y el baño tenía problemas.,es   ,2026-04-20 19:40:47.798 -0500,neutro,1.000
21001,1,13,booking,2025-12-12,Aunque igual el baño teniia problemas. Ambiente tranquilo y agradable.,es   ,2026-04-20 19:40:47.798 -0500,neutro,0.985
18333,1,13,booking,2025-12-28,"Las toallas y ropa de cama limpias, eso sí no pude dormir bien por el ruido.",es   ,2026-04-20 19:40:47.798 -0500,neutro,0.953
18340,1,13,booking,2026-03-28,El check in fue rapido. la verdad el aire acondicionado hacia ruido.,es   ,2026-04-20 19:40:47.798 -0500,neutro,1.000
20228,1,13,booking,2025-10-11,Aunque igual no habia agua caliente en la mañana. Todo estuvo bien en general.,es   ,2026-04-20 19:40:47.798 -0500,neutro,0.587
21644,1,13,booking,2026-03-23,El cuarto era amplio. pero la verdad poca variedad en el desayuno.,es   ,2026-04-20 19:40:47.798 -0500,neutro,0.658
19900,1,13,booking,2026-03-10,Eso sí el colchon estaba algo viejo. El personal fue muy amable.,es   ,2026-04-20 19:40:47.798 -0500,neutro,0.960
21734,1,13,booking,2026-03-09,El checkin fue rapido. Se escuchaba todo del pasillo y en recepcion se demoraron demasiado.,es   ,2026-04-20 19:40:47.798 -0500,neutro,0.998
19096,1,13,booking,2026-03-30,Muy bonitas las areas comunes. pero la verdad se escuchaba todo del pasillo.,es   ,2026-04-20 19:40:47.798 -0500,neutro,1.000
20564,1,13,booking,2025-11-11,Excelente ubicación cerca a todo. Se escuchsba todo del pasillo y en recepción se demoraron demasiado.,es   ,2026-04-20 19:40:47.798 -0500,neutro,0.999
21437,1,13,booking,2025-10-29,Sin embargo el precio era algo elevado para lo que ofrece. La ubicacion ess muy buena.,es   ,2026-04-20 19:40:47.798 -0500,neutro,0.987
19504,1,13,booking,2025-12-13,"La ubicación es muy buena, sin embargo el precio era algo elevado para lo que ofrece",es   ,2026-04-20 19:40:47.798 -0500,neutro,0.970
22361,1,13,booking,2026-02-15,Excelente ubicacion cerca a todo. pero el baño estaba algo descuidado.,es   ,2026-04-20 19:40:47.798 -0500,neutro,1.000
22270,1,13,booking,2026-02-21,Pero el personal nofue muy atento. El parqueadero fue util.,es   ,2026-04-20 19:40:47.798 -0500,neutro,1.000
21374,1,13,booking,2025-11-20,Sin embargo no pude dormir bien por el ruido y la comida se demoró bastante. Buen servicio de habitaciones.,es   ,2026-04-20 19:40:47.798 -0500,neutro,1.000
22138,1,13,booking,2026-01-13,El personal super amable y atento. aunque igual no pude dormir bien por el ruido y la comida se ddemoró bastante.,es   ,2026-04-20 19:40:47.798 -0500,neutro,0.996
19554,1,13,booking,2025-12-02,"La habitacion estaba limpia, pero la verdad el servicio fue algo demorado.",es   ,2026-04-20 19:40:47.798 -0500,neutro,0.989
18107,1,13,booking,2026-02-25,Sin rmbargo el personal no fue muy atento. Todo estuvo bien en general.,es   ,2026-04-20 19:40:47.798 -0500,neutro,0.999
21610,1,13,booking,2026-01-31,El parqueadero fue util. la verdad habia olor raro en la habitacion.,es   ,2026-04-20 19:40:47.798 -0500,neutro,1.000
20514,1,13,booking,2026-04-02,El checkk in fue rapido. Habia olor raro en la habitacion.,es   ,2026-04-20 19:40:47.798 -0500,neutro,0.944
18185,1,13,booking,2026-03-28,El cuarto era amplio. la verdad poca variedad en el desayuno.,es   ,2026-04-20 19:40:47.798 -0500,neutro,0.962
20295,1,13,booking,2025-10-11,El parqueadero fue util. eso sí el servicio fue algo demorado.,es   ,2026-04-20 19:40:47.798 -0500,neutro,1.000
21031,1,13,booking,2025-11-21,Igual habia mucho ruiido en la nocHe. La piscina estaba muy bien.,es   ,2026-04-20 19:40:47.798 -0500,neutro,0.856
20976,1,13,booking,2026-04-15,Ambiente tranquilooy agradable. eso si el ascensor tardaba mucho,es   ,2026-04-20 19:40:47.798 -0500,neutro,0.657
20333,1,13,booking,2026-04-09,"Tofo estuvo buen en general, pero el wifi era muy lento y el desayuno no fue lo esperado.",es   ,2026-04-20 19:40:47.798 -0500,neutro,0.972
19925,1,13,booking,2025-11-03,Pero el baño estaba algo descuidado. Habitacion espaciosa y limpia.,es   ,2026-04-20 19:40:47.798 -0500,neutro,0.997
20560,1,13,booking,2025-10-23,La habitaciónrstaba limpia. Demorado el servicio de habitaciones.,es   ,2026-04-20 19:40:47.798 -0500,neutro,0.999
17612,1,13,booking,2026-03-06,Ambiente tranquilo y agradable. pero la verdad había mucho ruido en la noche y la atención pudo ser mejor.,es   ,2026-04-20 19:40:47.798 -0500,neutro,0.758
21209,1,13,booking,2025-11-23,"Excelente ubicacion cerca a todo, sin embargo el servicio fue algo demorado.",es   ,2026-04-20 19:40:47.798 -0500,neutro,0.985
17845,1,13,booking,2026-02-15,Me gustóel seeviciio. pero los muebles estabAn algo deteriorados.,es   ,2026-04-20 19:40:47.798 -0500,neutro,0.991
17203,1,13,booking,2025-10-05,"Cumple con lo que promete, pero el personal no fue muy atento.",es   ,2026-04-20 19:40:47.798 -0500,neutro,0.525
18831,1,13,booking,2026-01-05,Pero la verdad no pude dormir bien por el ruido. Me gusto el servicio.,es   ,2026-04-20 19:40:47.798 -0500,neutro,1.000
19213,1,13,booking,2025-11-06,El personal hizo todo lo posible por ayudar. Se escuchaba todo del pasillo y en recepción se demoraron demasiado.,es   ,2026-04-20 19:40:47.798 -0500,neutro,0.989
18552,1,13,booking,2025-10-13,Lss camas eran comodas. El aire acondicionado hacia ruido.,es   ,2026-04-20 19:40:47.798 -0500,neutro,0.993
17739,1,13,booking,2025-10-02,"El wifi fuuncionaba bien, aunque igual habiaolor raro en la habitacion.",es   ,2026-04-20 19:40:47.798 -0500,neutro,1.000
18284,1,13,booking,2026-04-13,Igual demassiado ruido externo. El personal fue amable.,es   ,2026-04-20 19:40:47.798 -0500,neutro,0.827
17109,1,13,booking,2026-04-06,La habitación estaba limpia. sin embargo el aire acondicionado hacia ruido.,es   ,2026-04-20 19:40:47.798 -0500,neutro,0.995
17164,1,13,booking,2025-10-10,Eso si problemas con el agua caliente. El personal super amable y atento.,es   ,2026-04-20 19:40:47.798 -0500,neutro,0.953
21819,1,13,booking,2026-02-05,Lapiscina estaba muy bien. pero la verdad no habia agua caliente en la mañana.,es   ,2026-04-20 19:40:47.798 -0500,neutro,1.000
17388,1,13,booking,2025-10-28,Las camas eran comodas. eso sí el servicio fue algo demorado.,es   ,2026-04-20 19:40:47.798 -0500,neutro,0.999
17854,1,13,booking,2025-12-28,Eso sí el aire acondicionado hacia ruido. Todo estuvo bien en general.,es   ,2026-04-20 19:40:47.798 -0500,neutro,0.738
19687,1,13,booking,2025-11-23,La ubicacion es muy buena. eso sí habia olor raro en la habitacion,es   ,2026-04-20 19:40:47.798 -0500,neutro,0.789
17643,1,13,booking,2026-01-20,Muy bonitas las areas communes. pero la verdad no habia agua caliente en la mañana y problemas con el agua caliente.,es   ,2026-04-20 19:40:47.798 -0500,neutro,0.954
22472,1,13,booking,2025-12-29,El personal superamable y atento. eso sí habia humedad en el cuarto.,es   ,2026-04-20 19:40:47.798 -0500,neutro,0.515
19485,1,13,booking,2026-04-08,Limpieza impecable. El precio era algo elevado para lo que ofrece.,es   ,2026-04-20 19:40:47.798 -0500,neutro,0.837
18172,1,13,booking,2026-03-13,Eso si el precio era algo elevado para lo que ofrece. La habitacion estaba limpia.,es   ,2026-04-20 19:40:47.798 -0500,neutro,0.999
17672,1,13,booking,2026-03-03,Buena experiencia en general lo recomiendo. la verdad en recepcion se demoraron demasiado y el precio era algo elevado para lo que ofrece.,es   ,2026-04-20 19:40:47.798 -0500,neutro,1.000
20092,1,13,booking,2026-01-20,Muy bonitas las areas comunes. igual en recepcipn se demoraron demasiado.,es   ,2026-04-20 19:40:47.798 -0500,neutro,0.997
17255,1,13,booking,2025-12-22,Buenas instalaciones en general. aunque igual elpersonal no fue muy atento.,es   ,2026-04-20 19:40:47.798 -0500,neutro,1.000
17087,1,13,booking,2025-12-14,"Me parecio un hotel muy completo, igual habia mucho ruido en la noche.",es   ,2026-04-20 19:40:47.798 -0500,neutro,0.994
22424,1,13,booking,2026-03-24,Habitacion espaciosa y limpia. sin embargo los muebles estaban algo deteriorados.,es   ,2026-04-20 19:40:47.798 -0500,neutro,0.998
17442,1,13,booking,2025-11-12,"Excelente ubbicación cerca a todo, igual no pude dormir bien por el ruido.",es   ,2026-04-20 19:40:47.798 -0500,neutro,1.000
18987,1,13,booking,2025-12-10,"El colchon era comodisimo, aunque igual no pude dormir bien por el ruido y la comida se demoró bastante.",es   ,2026-04-20 19:40:47.798 -0500,neutro,1.000
20628,1,13,booking,2026-04-13,"Me gustó el servicio, eso sí la cama no era muy comoda.",es   ,2026-04-20 19:40:47.798 -0500,neutro,1.000
19098,1,13,booking,2025-10-22,Buen servicio de habitaciones. La puerta no cerraba bien.,es   ,2026-04-20 19:40:47.798 -0500,neutro,0.989
17776,1,13,booking,2026-02-23,Aunque igual habia mucho ruido en la noche. Limpieza impecable.,es   ,2026-04-20 19:40:47.798 -0500,neutro,0.608
17708,1,13,booking,2025-10-10,"Excelente ubicacion cerca a todo, sin embargo la cama no era muy comoda.",es   ,2026-04-20 19:40:47.798 -0500,neutro,0.957
18627,1,13,booking,2025-10-24,Buena relación calidadprecio. El wifi era muy lento.,es   ,2026-04-20 19:40:47.798 -0500,neutro,0.674
20133,1,13,booking,2025-12-19,"El colchon era comodisimo, aunque los muebles estaban algo deteriorados.",es   ,2026-04-20 19:40:47.798 -0500,neutro,0.716
21251,1,13,booking,2026-03-30,Muy buena vvista desde la habitacion. eso sí se escuchaba todo del pasiillo y el baño tenía problemas.,es   ,2026-04-20 19:40:47.798 -0500,neutro,1.000
18628,1,13,booking,2026-01-28,El paequeadero fue util. eso si el bsnoestaba algo descuidado.,es   ,2026-04-20 19:40:47.798 -0500,neutro,1.000
17872,1,13,booking,2026-01-23,El colchon era comodisimo. pero la comida se demoro bastante.,es   ,2026-04-20 19:40:47.798 -0500,neutro,0.999
19910,1,13,booking,2026-04-05,Pero la verdad falta mantenimiento en algunas areas. Limpieza impecable.,es   ,2026-04-20 19:40:47.798 -0500,neutro,1.000
17814,1,13,booking,2026-02-07,La verdad falta mantenimiento en algunas areas. Muy buen hotel en general.,es   ,2026-04-20 19:40:47.798 -0500,neutro,1.000
17137,1,13,booking,2026-02-02,"La atencion fue excelente, igual el desayuno no fue lo esperado.",es   ,2026-04-20 19:40:47.798 -0500,neutro,0.663
19169,1,13,booking,2026-01-26,Aunque igual la cama no era muy comoda. La recepcion fue muy cordial.,es   ,2026-04-20 19:40:47.798 -0500,neutro,1.000
18063,1,13,booking,2026-03-16,"El cuarto era amplio, sin embargo se escuchaba todo del pasillo y el baño tenía problemas.",es   ,2026-04-20 19:40:47.798 -0500,neutro,0.874
18978,1,13,booking,2025-12-06,"Muy bonitas las areas comunes, eso si el precio era algo elevado para lo que ofrece.",es   ,2026-04-20 19:40:47.798 -0500,neutro,0.635
22088,1,13,booking,2026-04-06,La habitacion estaba limpia. eso si falta mantenimiento en algunas areas.,es   ,2026-04-20 19:40:47.798 -0500,neutro,1.000
22236,1,13,booking,2026-04-01,Igual el servicio fue algo demoradoo. Precio justo por lo que ofrece.,es   ,2026-04-20 19:40:47.798 -0500,neutro,0.987
17230,1,13,booking,2025-11-10,"La piscina estaba muy bien, sin embargo habia olor raro en la habitacion.",es   ,2026-04-20 19:40:47.798 -0500,neutro,1.000
20866,1,13,booking,2025-11-02,Excelenteubicacion cerca a todo. Habia mucho ruido en lanoche.,es   ,2026-04-20 19:40:47.798 -0500,neutro,1.000
18770,1,13,booking,2025-11-10,"El check in fue rapido, igual la cama no era muy comoda.",es   ,2026-04-20 19:40:47.798 -0500,neutro,0.999
20446,1,13,booking,2025-12-04,El wifi funcionaba bien. Poca variedad en el desayuno.,es   ,2026-04-20 19:40:47.798 -0500,neutro,0.986
21263,1,13,booking,2025-10-11,"Las toallas y ropa de cama limpias, aunque el precio era algo elevado para lo que ofrece.",es   ,2026-04-20 19:40:47.798 -0500,neutro,0.801
19314,1,13,booking,2025-10-31,"Me parecio un hotel muy completo, aunque igual el servicio fue algo demorado.",es   ,2026-04-20 19:40:47.798 -0500,neutro,0.559
22345,1,13,booking,2026-01-27,"Excelente ubicacion ceeca a todo, sin embargo el baño tenia problemas.",es   ,2026-04-20 19:40:47.798 -0500,neutro,1.000
19814,1,13,booking,2026-01-19,La habitacion estaba limpia. Se escuchaba todo del pasillo y en eecepción se demoraron demasiado.,es   ,2026-04-20 19:40:47.798 -0500,neutro,1.000
20883,1,13,booking,2025-10-08,Sin embargo poca variedad en el desayuno. Buen servicio de habitaciones.,es   ,2026-04-20 19:40:47.798 -0500,neutro,0.999
22202,1,13,booking,2025-11-05,Las camas eran ccomodas. la verdad demasiado ruido externo.,es   ,2026-04-20 19:40:47.798 -0500,neutro,0.972
21298,1,13,booking,2026-04-17,Habitacion espaciosa y limpia. la verdad poca variedad en el desayuno.,es   ,2026-04-20 19:40:47.798 -0500,neutro,1.000
17984,1,13,booking,2026-04-05,Muy buenavista desde la habitacion. El baño tenia problemas.,es   ,2026-04-20 19:40:47.798 -0500,neutro,1.000
19567,1,13,booking,2025-10-11,"Excelente ubicación cerca a todo, igual la tv no funcionaba birn.",es   ,2026-04-20 19:40:47.798 -0500,neutro,0.526
21727,1,13,booking,2026-01-26,Todo estuvo bien en general. Ell aire acondicionado hacia ruiddo.,es   ,2026-04-20 19:40:47.798 -0500,neutro,0.555
21477,1,13,booking,2025-12-15,Muy buen hotel en general. eso si no pude dormir bien por el ruido yy la comida se demooró bastante.,es   ,2026-04-20 19:40:47.798 -0500,neutro,1.000
17913,1,13,booking,2026-01-07,Aunque el colchon estaba algo viejo. Me gusto el servvicio.,es   ,2026-04-20 19:40:47.798 -0500,neutro,0.982
20368,1,13,booking,2026-02-07,Me gustoel servicio. El aire acondicionado hacia ruido.,es   ,2026-04-20 19:40:47.798 -0500,neutro,0.754
17209,1,13,booking,2026-01-24,"El cuarto era amplio, la verdad el aireacondicionado hacia ruiido.",es   ,2026-04-20 19:40:47.798 -0500,neutro,0.870
22180,1,13,booking,2026-02-27,Buen servicio de habitaciones. pero el ascensoe tardaba mucho.,es   ,2026-04-20 19:40:47.798 -0500,neutro,0.999
20145,1,13,booking,2025-12-23,Me gustó el servicio. Demorado el servicio de habitaciones.,es   ,2026-04-20 19:40:47.798 -0500,neutro,0.997
20784,1,13,booking,2025-11-08,El personal fue amable. La puerta no cerraba bien.,es   ,2026-04-20 19:40:47.798 -0500,neutro,0.885
18534,1,13,booking,2026-03-29,"El personal fue muy amable, pero la verdad el bañoestaba algo descuidado.",es   ,2026-04-20 19:40:47.798 -0500,neutro,0.946
20157,1,13,booking,2026-04-05,La recepcion fue muy cordial. pero el desayuno no fue lo esperado.,es   ,2026-04-20 19:40:47.798 -0500,neutro,1.000
19442,1,13,booking,2026-03-18,Me gusto el servicio. Poca variedad en el desayuno.,es   ,2026-04-20 19:40:47.798 -0500,neutro,1.000
21993,1,13,booking,2026-03-13,"Buenas instalaciones en general, la verdad el personal no fue muy atento.",es   ,2026-04-20 19:40:47.798 -0500,neutro,0.680
21758,1,13,booking,2025-11-27,Eso sí demorado el serviciO de habitaciones. Me parecio un hotel muy comppleto.,es   ,2026-04-20 19:40:47.798 -0500,neutro,0.995
20498,1,13,booking,2025-10-08,"Las camas eran comodas, igual poca variedad en el desayuno.",es   ,2026-04-20 19:40:47.798 -0500,neutro,0.992
17263,1,13,booking,2026-03-14,La habitaciónestaba limpia. La comida llego fria,es   ,2026-04-20 19:40:47.798 -0500,neutro,0.982
22028,1,13,booking,2025-11-21,El desayuno estuvo muy rico. eso si no pude dormir bien por el ruido.,es   ,2026-04-20 19:40:47.798 -0500,neutro,1.000
18486,1,13,booking,2026-04-08,Buenaexperiencia en general lo recomiendo. la verdad los muebles estaban algo deteriorados.,es   ,2026-04-20 19:40:47.798 -0500,neutro,0.983
17789,1,13,booking,2025-10-27,Eso sí los muebles estaban algo deteriorados. Cumple con lo que promete.,es   ,2026-04-20 19:40:47.798 -0500,neutro,0.980
20856,1,13,booking,2025-10-05,"Me gusto el servicio, aunque habia mucho ruidoen la noche.",es   ,2026-04-20 19:40:47.798 -0500,neutro,0.953
19003,1,13,booking,2026-01-11,Buenas instalaciones en general. sin embargo el precio era algo elevado para lo que ofrece.,es   ,2026-04-20 19:40:47.798 -0500,neutro,0.997
17496,1,13,booking,2025-12-05,Sin embargo el baño estaba algo descuidado. El personal fue amable.,es   ,2026-04-20 19:40:47.798 -0500,neutro,0.954
21422,1,13,booking,2025-12-03,La ubicacion es muy buena. Np pude dormir bien por el ruido y la comida se demoró bastante.,es   ,2026-04-20 19:40:47.798 -0500,neutro,0.991
17900,1,13,booking,2025-12-26,Buena experiencia en general lo recomiendo. pero los muebles estaban algo deteriorados.,es   ,2026-04-20 19:40:47.798 -0500,neutro,0.986
21504,1,13,booking,2026-01-21,Ls habitacion estaba limpia. aunque el baño tenia problemas,es   ,2026-04-20 19:40:47.798 -0500,neutro,0.963
21564,1,13,booking,2026-03-26,Buena relación calidad precio. pero la verdad habia mucho ruido en la noche.,es   ,2026-04-20 19:40:47.798 -0500,neutro,0.967
22454,1,13,booking,2025-11-09,"El personal fue amable, pero habia humedad en el cuarto.",es   ,2026-04-20 19:40:47.798 -0500,neutro,1.000
21208,1,13,booking,2025-12-31,"Me gustó el servicio, pero la verdad la limpiezA podria mejorar.",es   ,2026-04-20 19:40:47.798 -0500,neutro,0.972
19651,1,13,booking,2026-02-05,Buena relacion calidad precio. la verdad el desayuno no fue lo esperado.,es   ,2026-04-20 19:40:47.798 -0500,neutro,1.000
20472,1,13,booking,2026-03-20,"Laatencion fue excelente, eso si el desayuno no fue lo esperado.",es   ,2026-04-20 19:40:47.798 -0500,neutro,0.992
21764,1,13,booking,2026-01-16,El personal super amable y atento. El personal no fue muy atento.,es   ,2026-04-20 19:40:47.798 -0500,neutro,0.982
20457,1,13,booking,2026-01-08,El eestaurante del hotel estuvo rico. El wifiera muy lento.,es   ,2026-04-20 19:40:47.798 -0500,neutro,0.998
19059,1,13,booking,2025-12-16,Las toallasy ropa de cama limpias. Las instalaciones estan algo viejas.,es   ,2026-04-20 19:40:47.798 -0500,neutro,0.755
20463,1,13,booking,2026-01-19,Todo estuvo bien en general. La cama np era muy comoda.,es   ,2026-04-20 19:40:47.798 -0500,neutro,0.931
21308,1,13,booking,2026-01-24,La ubicacion es muy buena. eso si la cama no era muy comoda.,es   ,2026-04-20 19:40:47.798 -0500,neutro,1.000
17630,1,13,booking,2026-01-07,Me parecio un hotel muy completo. La comida llego fria.,es   ,2026-04-20 19:40:47.798 -0500,neutro,0.827
21559,1,13,booking,2025-11-20,"Buenas instalaciones en general, pero la verdad el parqueadero era muy pequeño.",es   ,2026-04-20 19:40:47.798 -0500,neutro,0.967
21803,1,13,booking,2025-10-23,Las camas eran cómpdas. Demasiado ruido externo.,es   ,2026-04-20 19:40:47.798 -0500,neutro,0.960
20117,1,13,booking,2025-11-25,"El personal fue amable, sin embargo habia olor raro en la habitacion.",es   ,2026-04-20 19:40:47.798 -0500,neutro,1.000
21687,1,13,booking,2025-10-24,La ubicación es muy buena. igual falta mantenimiento en algunas areas.,es   ,2026-04-20 19:40:47.798 -0500,neutro,0.991
19566,1,13,booking,2026-03-25,La ubicación es muy buena. igual poca variedad en el desayuno.,es   ,2026-04-20 19:40:47.798 -0500,neutro,1.000
20761,1,13,booking,2026-01-22,"Ambiente tranquilo y agradable, aunque igual se escuchaba tododel pasillo.",es   ,2026-04-20 19:40:47.798 -0500,neutro,0.882
21628,1,13,booking,2026-02-09,Aunque igual se escuchaba todo del pasillo y en recepción se demoraron demasiado. Todo estuvo bien en general.,es   ,2026-04-20 19:40:47.798 -0500,neutro,1.000
18981,1,13,booking,2026-02-22,Pero poca variedad en el desayuno. El personal hizo toDo lo posible por ayudar,es   ,2026-04-20 19:40:47.798 -0500,neutro,0.811
21872,1,13,booking,2025-11-21,Pero no habia agua caliente en la mañanaa. La habitacion estaba limpia.,es   ,2026-04-20 19:40:47.798 -0500,neutro,0.999
17058,1,13,booking,2026-02-21,Todo estuvo bien en geneeral. la verdad no habia agua caliente en la mañana.,es   ,2026-04-20 19:40:47.798 -0500,neutro,0.999
21439,1,13,booking,2025-11-24,El check in fue rapido. la verdad problemas con el agua caliente.,es   ,2026-04-20 19:40:47.798 -0500,neutro,0.926
21916,1,13,booking,2025-10-07,"El personal fue amable, aunque el baño estaba algo descuidado.",es   ,2026-04-20 19:40:47.798 -0500,neutro,0.918
19863,1,13,booking,2026-03-29,Aunque igual se escuchaba todo del pasillo y el bano tenía problemas. El colchon era comodisimo.,es   ,2026-04-20 19:40:47.798 -0500,neutro,1.000
17196,1,13,booking,2026-02-12,Aunqueigual habia mucho ruido en la noche. Eldesayuno estuvo muy rico.,es   ,2026-04-20 19:40:47.798 -0500,neutro,0.989
20743,1,13,booking,2026-02-06,"La atencion fue exceleNte, eso si demasiado ruido externo y el desayuno no fue lo esperado.",es   ,2026-04-20 19:40:47.798 -0500,neutro,1.000
17834,1,13,booking,2026-01-16,El colchon era comodisiimo. igual el precio era algo elevado para lo que oofrece,es   ,2026-04-20 19:40:47.798 -0500,neutro,0.994
19224,1,13,booking,2026-01-24,El check in fue rapido. Se escuchaba todo del pasillo.,es   ,2026-04-20 19:40:47.798 -0500,neutro,0.961
17640,1,13,booking,2025-11-28,"El personal super amable y atento, igual el servicio fue algo demorado.",es   ,2026-04-20 19:40:47.798 -0500,neutro,0.884
19364,1,13,booking,2026-03-12,El check in fue rapido. eso si el parqueadero era muy pequeno.,es   ,2026-04-20 19:40:47.798 -0500,neutro,0.993
18730,1,13,booking,2025-11-20,Buena relacion calidad precio. aunque igual no pude dormir bien por el ruido.,es   ,2026-04-20 19:40:47.798 -0500,neutro,0.907
17342,1,13,booking,2026-02-14,Me gusto elservicio. pero la verdad el desayuno no fue lo esperado.,es   ,2026-04-20 19:40:47.798 -0500,neutro,0.966
19876,1,13,booking,2025-11-14,"Ambientetranquilo y agradable, aunque igual poca variedad en el desayunnO.",es   ,2026-04-20 19:40:47.798 -0500,neutro,0.899
17051,1,13,booking,2025-10-09,La piscina estaba muy bien. eso sí el baño estaba algo descuidado.,es   ,2026-04-20 19:40:47.798 -0500,neutro,0.911
21575,1,13,booking,2026-04-05,"Buen servicio de habitaciones, pero habia olor raro en la habitacion.",es   ,2026-04-20 19:40:47.798 -0500,neutro,1.000
21992,1,13,booking,2026-01-31,La piscina estaba muy bien. El desayuno no fue lo esperado y no pude dormir bien por el ruido.,es   ,2026-04-20 19:40:47.798 -0500,neutro,0.979
17830,1,13,booking,2025-10-26,La habitacion estaba limpia. Demasiado ruido externo.,es   ,2026-04-20 19:40:47.798 -0500,neutro,1.000
20211,1,13,booking,2026-01-19,Muy bpnitas las arrascomunes. sin embargo el aire acondicionado hacia ruido.,es   ,2026-04-20 19:40:47.798 -0500,neutro,1.000
21167,1,13,booking,2025-12-16,El personal super amable y atento. Habia humedad enn el cuarto.,es   ,2026-04-20 19:40:47.798 -0500,neutro,0.992
19496,1,13,booking,2025-12-04,Limpieza impecable. El baño tenia problemas.,es   ,2026-04-20 19:40:47.798 -0500,neutro,0.988
17555,1,13,booking,2026-01-12,Eso sí el desayuno no fue lo esperado. Muy bien ubicado cerca al centro.,es   ,2026-04-20 19:40:47.798 -0500,neutro,0.798
21795,1,13,booking,2025-11-24,Pero no pude dormir bien por el ruido y la comida se demoró bastante. Buenas instalaciones en general.,es   ,2026-04-20 19:40:47.798 -0500,neutro,0.984
18440,1,13,booking,2026-01-04,Igual demasiado ruido externo y el desayuno no fue lo esperrado. Lapiscina estaba muy bien.,es   ,2026-04-20 19:40:47.798 -0500,neutro,1.000
19320,1,13,booking,2025-10-13,"El wifi funcionaba bien, eso sí el desayuno no fue lo esperado.",es   ,2026-04-20 19:40:47.798 -0500,neutro,0.999
22462,1,13,booking,2026-02-17,Eso sí no pude dormir bien por el ruido. Excelente ubicacion cerca aa todo.,es   ,2026-04-20 19:40:47.798 -0500,neutro,1.000
19279,1,13,booking,2025-10-28,El personal fue amable. El personsl no fue muy atento.,es   ,2026-04-20 19:40:47.798 -0500,neutro,0.997
21376,1,13,booking,2026-01-22,"Me gusto el serviciio, aunque igualen recepcion se demoraron demasiado.",es   ,2026-04-20 19:40:47.798 -0500,neutro,0.990
17665,1,13,booking,2026-02-10,El cuarto era amplio. aunque igual demorado el servicio de habitacionees.,es   ,2026-04-20 19:40:47.798 -0500,neutro,0.983
22158,1,13,booking,2026-03-02,Ambiente tranquilo y agradable. pero el personal no fuemuy atento.,es   ,2026-04-20 19:40:47.798 -0500,neutro,1.000
21456,1,13,booking,2025-10-27,Eso sí el wifi era muy lento. Excelente ubicación ceerca a todo.,es   ,2026-04-20 19:40:47.798 -0500,neutro,0.987
19892,1,13,booking,2026-03-21,El check in fue rapido. eso sí habia mucho ruido en la noche.,es   ,2026-04-20 19:40:47.798 -0500,neutro,1.000
18656,1,13,booking,2026-04-03,Me gustó el servicio. la verdad peoblemas con el agua caliente.,es   ,2026-04-20 19:40:47.798 -0500,neutro,1.000
19163,1,13,booking,2025-11-21,La verdad se escuchaba todo del pasillo y enrecepción se demoraron demasiado. El personal hizo todo lo posible por ayudar.,es   ,2026-04-20 19:40:47.798 -0500,neutro,0.997
17540,1,13,booking,2025-10-16,Sin embargo poca variedad en ek desayuno. El personal fue amable.,es   ,2026-04-20 19:40:47.798 -0500,neutro,1.000
21776,1,13,booking,2026-04-07,Pero demasiado ruido externo. La habitación estaba limpia.,es   ,2026-04-20 19:40:47.798 -0500,neutro,0.945
18818,1,13,booking,2026-03-13,Eso si en recepcion se demoraron demasiado. El personal hizo todo lo posible por ayudar.,es   ,2026-04-20 19:40:47.798 -0500,neutro,1.000
19256,1,13,booking,2026-01-23,Todo estuvo bien en general. Habia muchp ruido en la noche.,es   ,2026-04-20 19:40:47.798 -0500,neutro,0.993
19088,1,13,booking,2026-03-18,Muy buena vista desde la habitacion. igual el colchon estaba algo viejo.,es   ,2026-04-20 19:40:47.798 -0500,neutro,0.698
17528,1,13,booking,2026-04-13,"El colchon era comodisimo, sin embargo los muebles estaban algo deteriorados.",es   ,2026-04-20 19:40:47.798 -0500,neutro,1.000
18578,1,13,booking,2026-04-04,La recepcion fue muy cordial. aunque igual la puerta no cerraba bien.,es   ,2026-04-20 19:40:47.798 -0500,neutro,0.808
18133,1,13,booking,2025-12-12,Todo estuvo bien en general. Habia mucho ruido en la noche.,es   ,2026-04-20 19:40:47.798 -0500,neutro,0.999
21820,1,13,booking,2026-03-07,La recepcion fue muy cordial. La cama no era muy comoda.,es   ,2026-04-20 19:40:47.798 -0500,neutro,1.000
18907,1,13,booking,2026-04-14,"Habitacion espaciosa y limpia, eso sí demasiado ruido externo y el desayuno no fue lo esperado.",es   ,2026-04-20 19:40:47.798 -0500,neutro,1.000
18710,1,13,booking,2025-12-21,Muy bien ubicado cerca al centro. aunque igual el colchon estaba algo viejo.,es   ,2026-04-20 19:40:47.798 -0500,neutro,0.648
18298,1,13,booking,2025-12-02,Eso sí la limpieza podria mejorar. Me gusto el servicio,es   ,2026-04-20 19:40:47.798 -0500,neutro,0.612
22085,1,13,booking,2026-03-28,Pero los muebles estaban algo deteriorados. El personal fue muy amable.,es   ,2026-04-20 19:40:47.798 -0500,neutro,0.932
17578,1,13,booking,2026-01-03,El check in fue rapido. la verdad en recepcion se demoraron demasiado.,es   ,2026-04-20 19:40:47.798 -0500,neutro,0.944
21221,1,13,booking,2025-12-17,Aunque igual se escuchaba todo del pasillo. Me parecio un hotel muy ccompleto.,es   ,2026-04-20 19:40:47.798 -0500,neutro,1.000
17795,1,13,booking,2025-10-24,Aunque las instalaciones estan algo vieJaas. Me gustó el servicio.,es   ,2026-04-20 19:40:47.798 -0500,neutro,1.000
19542,1,13,booking,2026-01-15,"Las camas eran cómodas, eso sí drmasiado ruido externo y el desayuno no fue lo esperado.",es   ,2026-04-20 19:40:47.798 -0500,neutro,0.999
21672,1,13,booking,2025-11-29,PerO el ascensor tardaba mucho. El colchon era comodisimo,es   ,2026-04-20 19:40:47.798 -0500,neutro,0.878
21103,1,13,booking,2025-12-16,Aunque no pude dormir bien por el ruido. La habitacion estaba limpia.,es   ,2026-04-20 19:40:47.798 -0500,neutro,1.000
22300,1,13,booking,2026-02-26,Ambiente tranquilo y agradable. igual losmuebles estaban algo deteriorados.,es   ,2026-04-20 19:40:47.798 -0500,neutro,0.999
21566,1,13,booking,2026-01-04,Muy buena vista desde la habitacion. No pude dormir bien por el ruido y la comida se demorró bastaante.,es   ,2026-04-20 19:40:47.798 -0500,neutro,1.000
19396,1,13,booking,2025-12-26,"Buena relacion calidad precio, pero la verdad habia olor raro en la habitacion.",es   ,2026-04-20 19:40:47.798 -0500,neutro,0.994
18863,1,13,booking,2025-10-24,"Todo estuvo bien en general, aunque igual la tv no funcionaba bien.",es   ,2026-04-20 19:40:47.798 -0500,neutro,0.700
17065,1,13,booking,2026-03-18,"Todo estuvo biem en general, sin embargo se escuchaba todo del pasillo y en recepción se demoraron demasiado.",es   ,2026-04-20 19:40:47.798 -0500,neutro,0.999
17956,1,13,booking,2026-01-07,Muy bien ubicado cerca al centro. En recepcion se demoraron demasiado.,es   ,2026-04-20 19:40:47.798 -0500,neutro,0.999
19955,1,13,booking,2025-10-28,El parqueadero fue util. la verdad demasiado ruido externo y el desayuno no fue lo esperado.,es   ,2026-04-20 19:40:47.798 -0500,neutro,0.987
19764,1,13,booking,2026-02-18,Pero la verdad poca variedad en el desayuno. El parqueadero fue util.,es   ,2026-04-20 19:40:47.798 -0500,neutro,0.999
20238,1,13,booking,2025-10-31,Eso si se escuchaba tododel pasillo. El check in fue rapido.,es   ,2026-04-20 19:40:47.798 -0500,neutro,1.000
19942,1,13,booking,2026-01-02,"La recepcion fue muy cordial, sin embargo demorsdo el servicio de habitaciones.",es   ,2026-04-20 19:40:47.798 -0500,neutro,1.000
18497,1,13,booking,2025-11-03,"Me gustó el servicio, pero la verdad se escuchaba todo del pasillo.",es   ,2026-04-20 19:40:47.798 -0500,neutro,1.000
22032,1,13,booking,2026-03-29,Muy bonitas las areas comunes. eso si el personal no fue muyy atento.,es   ,2026-04-20 19:40:47.798 -0500,neutro,1.000
17731,1,13,booking,2026-03-21,Ambiente tranquilo y agraddable. Demorado el servicio de habitaciones.,es   ,2026-04-20 19:40:47.798 -0500,neutro,1.000
19481,1,13,booking,2025-10-12,"El personal hizo todo lo posible por ayudar, aunque las instalacionrs estan algo viiejas.",es   ,2026-04-20 19:40:47.798 -0500,neutro,1.000
20264,1,13,booking,2026-01-11,La verdad la tv no funcionaba bien y la cama no era muy comoda. El desayuno estuvo muy rico.,es   ,2026-04-20 19:40:47.798 -0500,neutro,0.715
17162,1,13,booking,2025-12-29,El colchon era comodisimo. Se escuchaba todo del pasillo y en recepción se demoraron demasiado.,es   ,2026-04-20 19:40:47.798 -0500,neutro,1.000
19621,1,13,booking,2026-03-01,El personal fue amable. La comida se demoro bastante.,es   ,2026-04-20 19:40:47.798 -0500,neutro,0.999
19353,1,13,booking,2026-01-30,La habitacion estaba limpiia. aunque el desayuno no fue lo esperado.,es   ,2026-04-20 19:40:47.798 -0500,neutro,0.993
19744,1,13,booking,2026-03-01,Muy bien ubicadocerca al centro. la verdad el servicio fue algo demorado.,es   ,2026-04-20 19:40:47.798 -0500,neutro,0.991
17117,1,13,booking,2026-03-23,Muy buena vustadesde la habutacion. Los murbles estaban algo deTeriorados.,es   ,2026-04-20 19:40:47.798 -0500,neutro,1.000
22347,1,13,booking,2026-02-12,Pero los muebles estaban algo deteriorados. Muy bien ubicado cerca al centro.,es   ,2026-04-20 19:40:47.798 -0500,neutro,0.917
22222,1,13,booking,2026-02-21,"El desayuno estuvo muy rico, eso sí poca variedad en el desayunoo.",es   ,2026-04-20 19:40:47.798 -0500,neutro,0.992
18255,1,13,booking,2025-10-14,Eso si la cama no era muy comoda. La recepcion fue muy cordial.,es   ,2026-04-20 19:40:47.798 -0500,neutro,1.000
19890,1,13,booking,2026-01-04,"La atencion fue excelente, sin embargo se escuchaba todo del pasillo y en recepción se demoraron demasiado.",es   ,2026-04-20 19:40:47.798 -0500,neutro,1.000
20529,1,13,booking,2026-02-12,El desayuno estuvo muy rico. pero rn recepcion se demoraron demasiado.,es   ,2026-04-20 19:40:47.798 -0500,neutro,0.991
18564,1,13,booking,2025-11-11,Excelente ubicación cerca a todo. El servicio fue algo demorado.,es   ,2026-04-20 19:40:47.798 -0500,neutro,0.937
21488,1,13,booking,2025-12-12,El colchon era comodisimo. No pude dormir bien por ek ruido y la comida se demoró bastante.,es   ,2026-04-20 19:40:47.798 -0500,neutro,0.931
21404,1,13,booking,2026-02-01,"Buena relación calidadprecio, aunque igual la llimpieza podria mejorar.",es   ,2026-04-20 19:40:47.798 -0500,neutro,0.343
20212,1,13,booking,2026-02-02,Excelente ubicacion cerca a todo. La puerta no cerraba bien.,es   ,2026-04-20 19:40:47.798 -0500,neutro,0.996
18350,1,13,booking,2025-12-10,"Excelente uubicacion cerca a todo, eso si demorado el servicio de habitaciones.",es   ,2026-04-20 19:40:47.798 -0500,neutro,1.000
21166,1,13,booking,2025-11-03,Todo estuvo bien en general. Demasiado ruido externo y el desayuno no fue lo essperado.,es   ,2026-04-20 19:40:47.798 -0500,neutro,1.000
19268,1,13,booking,2026-02-12,"Excelente ubicación cerca a todo, pero demasiado ruido externo.",es   ,2026-04-20 19:40:47.798 -0500,neutro,0.938
18124,1,13,booking,2026-04-03,"Me gustó el servicioo, aunque la tv no funcionaba bien.",es   ,2026-04-20 19:40:47.798 -0500,neutro,0.989
21390,1,13,booking,2025-11-11,Habitacion espaciosa y limpia. El personal no fue muy atento.,es   ,2026-04-20 19:40:47.798 -0500,neutro,0.999
21386,1,13,booking,2025-12-18,El wifi funcionaba bien. El servicio fue algo demorado.,es   ,2026-04-20 19:40:47.798 -0500,neutro,0.916
18292,1,13,booking,2026-04-10,La atencion fue excelente. la veedad la puerta no cerraba bien.,es   ,2026-04-20 19:40:47.798 -0500,neutro,1.000
20323,1,13,booking,2026-01-19,Pero habia olor raro en la habitacion. El parqueadero fue util.,es   ,2026-04-20 19:40:47.798 -0500,neutro,0.999
20203,1,13,booking,2025-10-14,"Me parecio un hotel muy completo, la verdad no pude dormir bien por el ruido.",es   ,2026-04-20 19:40:47.798 -0500,neutro,0.994
19961,1,13,booking,2026-01-12,Eso sí problemas con el agua caliente. La ubucacion rs muy buena.,es   ,2026-04-20 19:40:47.798 -0500,neutro,0.998
18633,1,13,booking,2026-03-31,Todo estuvo bien en general. Había mucho ruido en la noche y la attención pudo ser mejor.,es   ,2026-04-20 19:40:47.798 -0500,neutro,0.935
17381,1,13,booking,2026-03-06,Igual el personal no fue muy atento. Buen servicio de habitaciones.,es   ,2026-04-20 19:40:47.798 -0500,neutro,1.000
17408,1,13,booking,2026-02-27,"Buena experiencia en general lo recomiendo, pero no pude dormir bien por el ruido.",es   ,2026-04-20 19:40:47.798 -0500,neutro,0.997
18747,1,13,booking,2025-11-12,"Las camas eran comodas, igual no habia agua caliente en la mañana.",es   ,2026-04-20 19:40:47.798 -0500,neutro,0.955
17596,1,13,booking,2026-02-26,"Buen servicio de habitaciones, pero no pude dormir bien por el ruido y la comida se demoró bastante.",es   ,2026-04-20 19:40:47.798 -0500,neutro,0.666
20014,1,13,booking,2026-01-25,Igual el wifi era muy lento. Me parecio un hotel muy completo.,es   ,2026-04-20 19:40:47.798 -0500,neutro,1.000
17554,1,13,booking,2025-10-31,Pero la tv no funcionaba bien. Muy buen hotel en general.,es   ,2026-04-20 19:40:47.798 -0500,neutro,0.997
20367,1,13,booking,2026-04-11,Igual poca variedad en el desayuno. Buen servicio de habitaciones.,es   ,2026-04-20 19:40:47.798 -0500,neutro,1.000
21224,1,13,booking,2025-10-15,Aunque se escuchaba todo del pasillo y en recepción se demoraron demasiado. Buena relacion calidad prrecio.,es   ,2026-04-20 19:40:47.798 -0500,neutro,1.000
20544,1,13,booking,2025-10-11,"El check in fue rapido, eso sí el parqueadero era muy pequeño.",es   ,2026-04-20 19:40:47.798 -0500,neutro,0.985
21090,1,13,booking,2025-10-04,Limpieza impecable. pero se escuchaba todo del pasillo y en recepción se demoraron demasiado.,es   ,2026-04-20 19:40:47.798 -0500,neutro,1.000
20022,1,13,booking,2025-12-07,"La habitacion rstaba limpia, la verdad el cuarto era muy pequeño.",es   ,2026-04-20 19:40:47.798 -0500,neutro,0.988
18236,1,13,booking,2026-03-14,"El check in fue rapido, pero la verdad el baño estaba algo descuidado.",es   ,2026-04-20 19:40:47.798 -0500,neutro,0.964
20616,1,13,booking,2026-03-05,"Buen servicio de habitaciones, aunque se escuchaba todo del pasillo y el baño tenía problemas.",es   ,2026-04-20 19:40:47.798 -0500,neutro,1.000
19571,1,13,booking,2026-03-24,Todo estuvo bien en general. la verdad no pude dormir bien por el ruido.,es   ,2026-04-20 19:40:47.798 -0500,neutro,0.994
19519,1,13,booking,2025-11-13,Sin embargo se escuchaba todo del pasillo y en recepción se demoraron demasiado. El wifi funcionaba bien.,es   ,2026-04-20 19:40:47.798 -0500,neutro,1.000
19152,1,13,booking,2025-11-03,Buena relacion calidad precio. sin embargo la cama no era muy comoda.,es   ,2026-04-20 19:40:47.798 -0500,neutro,0.953
18072,1,13,booking,2026-03-02,Precio justo por lo que ofrece. sin embargo el servicio fue algo demorado.,es   ,2026-04-20 19:40:47.798 -0500,neutro,0.983
19870,1,13,booking,2025-10-09,Pero la verdad el desayuno no fue lo esperado. Excelente ubicacion cerca a todo.,es   ,2026-04-20 19:40:47.798 -0500,neutro,1.000
17207,1,13,booking,2026-01-01,Excelente ubicacion ceerca aa todo. aunque igual en recepcion se demoraron demasiado.,es   ,2026-04-20 19:40:47.798 -0500,neutro,0.997
19576,1,13,booking,2026-03-05,Eso sí habia olor raro en la habitacion. El desayuno estuvo muy rico.,es   ,2026-04-20 19:40:47.798 -0500,neutro,0.517
17777,1,13,booking,2026-01-21,Cumple con lo que promete. Se escuchaba todo del pasillo y en recepción se demoraron demasiado.,es   ,2026-04-20 19:40:47.798 -0500,neutro,0.998
17286,1,13,booking,2026-01-29,Me gusto el servicio. pero las instalaciones estan algo viejas.,es   ,2026-04-20 19:40:47.798 -0500,neutro,1.000
21085,1,13,booking,2026-01-26,El desayuno estuvo muy rico. No pude dormir bien por el ruido.,es   ,2026-04-20 19:40:47.798 -0500,neutro,0.999
17775,1,13,booking,2026-01-18,Igual problemass con el agua caliennte. Buena relación calidad precio.,es   ,2026-04-20 19:40:47.798 -0500,neutro,0.994
17098,1,13,booking,2025-10-19,"La piscina estaba muy bien, sin embargo no pude dormir bien por el ruido y la comida se demoró bastante.",es   ,2026-04-20 19:40:47.798 -0500,neutro,0.951
18175,1,13,booking,2025-12-10,"El parqueadero fue util, eso sí el aire acondicionado hacia ruido.",es   ,2026-04-20 19:40:47.798 -0500,neutro,1.000
20289,1,13,booking,2025-12-06,Me gustó el servicio. igusl la comida llego fria,es   ,2026-04-20 19:40:47.798 -0500,neutro,0.998
18911,1,13,booking,2026-03-16,"La ubicacion es muy buena, sin embargo problemas con el agua caliente",es   ,2026-04-20 19:40:47.798 -0500,neutro,0.934
18098,1,13,booking,2026-03-10,Cumple con llo que promete. En recepcion se demoraron demasiado.,es   ,2026-04-20 19:40:47.798 -0500,neutro,0.990
18379,1,13,booking,2026-03-26,El parqueadero fue util. El wifi era muy lento.,es   ,2026-04-20 19:40:47.798 -0500,neutro,0.997
19233,1,13,booking,2025-10-18,Las camas eran comodas. la verdad las instalaciones estan algoo viejas.,es   ,2026-04-20 19:40:47.798 -0500,neutro,0.880
17615,1,13,booking,2025-10-27,Igual la comida llego fria. Buenas instalaciones en general.,es   ,2026-04-20 19:40:47.798 -0500,neutro,1.000
18577,1,13,booking,2025-10-19,La verdad habia mucho ruido en la noche y la atención pudo ser mejor. La habitacionestaba limpia.,es   ,2026-04-20 19:40:47.798 -0500,neutro,1.000
21056,1,13,booking,2026-02-13,Aunque igual demorado el servicio de habitaciones. La recepcion fue muy cordial.,es   ,2026-04-20 19:40:47.798 -0500,neutro,1.000
19052,1,13,booking,2025-11-29,Todo estuvobien en general. El colchon estaba algo viejo.,es   ,2026-04-20 19:40:47.798 -0500,neutro,1.000
21538,1,13,booking,2025-11-10,"El personal fue muy amable, eso si el servicio fue algo demorado.",es   ,2026-04-20 19:40:47.798 -0500,neutro,0.997
22321,1,13,booking,2025-11-19,"El personal hizo todo lo posible por ayudar, eso sí el bano teniaproblemas.",es   ,2026-04-20 19:40:47.798 -0500,neutro,1.000
20292,1,13,booking,2026-02-22,Las toallas y ropa de cama limpias. igual la tv no funcionaba bien.,es   ,2026-04-20 19:40:47.798 -0500,neutro,0.502
21883,1,13,booking,2026-03-11,"Muy buen hotel en general, pero la verdad falta mantenimiento en algunas areas.",es   ,2026-04-20 19:40:47.798 -0500,neutro,0.999
20259,1,13,booking,2025-12-23,El personal fue muy amable. Se escuchaba todo del pasillo y el baño tenía problemas.,es   ,2026-04-20 19:40:47.798 -0500,neutro,1.000
19237,1,13,booking,2026-01-31,Eso si poca variedad en el desayuno. El personal super amable y atento.,es   ,2026-04-20 19:40:47.798 -0500,neutro,1.000
21675,1,13,booking,2025-12-15,Las camas eran comodas. La comida llego fria.,es   ,2026-04-20 19:40:47.798 -0500,neutro,0.995
22385,1,13,booking,2026-01-12,La habitacion estaba limpia. eso si la cama no era muy comoda.,es   ,2026-04-20 19:40:47.798 -0500,neutro,1.000
18546,1,13,booking,2025-10-11,La verdad el baño tenia problemas. Las camas eram cómodas.,es   ,2026-04-20 19:40:47.798 -0500,neutro,0.898
20816,1,13,booking,2026-04-06,Me gusto el servicio. pero la verdad el cuarto era muy pequeño.,es   ,2026-04-20 19:40:47.798 -0500,neutro,0.993
17510,1,13,booking,2026-01-24,Aunque iguaL demorado el servicio de habitaciones. La habitacion estaba limpia.,es   ,2026-04-20 19:40:47.798 -0500,neutro,1.000
20774,1,13,booking,2026-03-04,Las camas eran cómodas. sin embargo la ccomida llego fria.,es   ,2026-04-20 19:40:47.798 -0500,neutro,1.000
21141,1,13,booking,2026-03-18,Aunque la cama no era muy comoda. Precio justo por lo que ofrece.,es   ,2026-04-20 19:40:47.798 -0500,neutro,0.983
21475,1,13,booking,2025-10-07,"Me parecio un hotel muy completo, eso si el servicio fue algo demorado.",es   ,2026-04-20 19:40:47.798 -0500,neutro,1.000
19723,1,13,booking,2025-11-06,Aunque los murbles estaban algo deteriorados. Buena relacion calidad precio.,es   ,2026-04-20 19:40:47.798 -0500,neutro,1.000
22156,1,13,booking,2025-12-05,El colchon era comodisimo. El baño tenia problemas.,es   ,2026-04-20 19:40:47.798 -0500,neutro,0.997
19067,1,13,booking,2026-01-31,El cuartoera amplio. La comida se ddemmoro bastaante.,it   ,2026-04-20 19:40:47.798 -0500,neutro,0.994
